system:index,LST_celsius,NDMI,NDVI,date,district,is_complete_month,month,rainfall_mm,sentinel_image_count,year,.geo,NDVI_hist_mean,NDVI_hist_std,NDVI_zscore,stress_state,NDVI_lag1,NDMI_lag1,rainfall_lag1,LST_lag1,zscore_lag1,NDVI_lag2,NDVI_rolling3_mean,rainfall_rolling3_sum,NDVI_change_lag1,target_next_state,split
3,51.37885617390749,-0.0799891417017246,0.1647755154371726,2019-04,Beed,1,4.0,10.215657542105635,60,2019.0,"{""type"":""MultiPoint"",""coordinates"":[]}",0.2152928043753315,0.0264443688398711,-1.910323110529004,Persistent Stress,0.1786485871248756,-0.0610606290351106,0.4476443472073574,47.56725707066145,-1.3084854219827842,0.2011976580178494,0.2096687682520183,0.5071453133207716,-0.0225490708929737,Emerging Stress,train
4,50.10796535491537,-0.0758521578709622,0.1394435560809846,2019-05,Beed,1,5.0,3.441474986332775,62,2019.0,"{""type"":""MultiPoint"",""coordinates"":[]}",0.1860362883470375,0.0342891616580476,-1.3588180641656968,Emerging Stress,0.1647755154371726,-0.0799891417017246,10.215657542105635,51.37885617390749,-1.910323110529004,0.1786485871248756,0.1815405868599658,10.695744143921782,-0.013873071687703,Recovery,train
5,44.47476616562276,-0.0845250116897213,0.1068864454760809,2019-06,Beed,1,6.0,117.7902000404746,62,2019.0,"{""type"":""MultiPoint"",""coordinates"":[]}",0.1668793235320186,0.0516381797364768,-1.1617930446444296,Recovery,0.1394435560809846,-0.0758521578709622,3.441474986332775,50.10796535491537,-1.3588180641656968,0.1647755154371726,0.1609558862143442,14.104776875645769,-0.0253319593561879,Healthy,train
6,40.63074163379112,0.0091674041207788,0.2073804288820757,2019-07,Beed,1,7.0,171.29807954348743,64,2019.0,"{""type"":""MultiPoint"",""coordinates"":[]}",0.2064569165452775,0.1226866658122359,0.0075274059384049,Healthy,0.1068864454760809,-0.0845250116897213,117.7902000404746,44.47476616562276,-1.1617930446444296,0.1394435560809846,0.1370351723314126,131.447332568913,-0.0325571106049037,Healthy,train
7,35.5426564402922,0.1119978621617866,0.3782456780427974,2019-08,Beed,1,8.0,97.02938011196598,60,2019.0,"{""type"":""MultiPoint"",""coordinates"":[]}",0.3674555135019941,0.1619427244115797,0.0666295110200809,Healthy,0.2073804288820757,0.0091674041207788,171.29807954348743,40.63074163379112,0.0075274059384049,0.1068864454760809,0.1512368101463803,292.5297545702948,0.1004939834059948,Healthy,train
8,32.22948661893372,0.1595417029645548,0.4687768983612196,2019-09,Beed,1,9.0,269.4779139103599,56,2019.0,"{""type"":""MultiPoint"",""coordinates"":[]}",0.3982720487814459,0.1223848807280962,0.5760911736835777,Healthy,0.3782456780427974,0.1119978621617866,97.02938011196598,35.5426564402922,0.0666295110200809,0.2073804288820757,0.2308375174669846,386.117659695928,0.1708652491607217,Healthy,train
9,31.99400362402596,0.1476684786563946,0.4322701296234056,2019-10,Beed,1,10.0,216.25903431177176,60,2019.0,"{""type"":""MultiPoint"",""coordinates"":[]}",0.4420509319325591,0.0691289207669277,-0.141486402516395,Healthy,0.4687768983612196,0.1595417029645548,269.4779139103599,32.22948661893372,0.5760911736835777,0.3782456780427974,0.3514676684286975,537.8053735658133,0.0905312203184222,Healthy,train
10,31.67169982228993,0.1181516174622805,0.4848405407794391,2019-11,Beed,1,11.0,24.62471490130613,60,2019.0,"{""type"":""MultiPoint"",""coordinates"":[]}",0.4262888716982356,0.0705724036269663,0.8296680582214204,Healthy,0.4322701296234056,0.1476684786563946,216.25903431177176,31.99400362402596,-0.141486402516395,0.4687768983612196,0.4264309020091408,582.7663283340976,-0.036506768737814,Healthy,train
11,29.6386434796687,0.0942919045358735,0.3917571162521023,2019-12,Beed,1,12.0,3.928243782012641,67,2019.0,"{""type"":""MultiPoint"",""coordinates"":[]}",0.4178445876348873,0.0283611004727708,-0.9198328325740146,Healthy,0.4848405407794391,0.1181516174622805,24.62471490130613,31.67169982228993,0.8296680582214204,0.4322701296234056,0.4619625229213548,510.3616631234378,0.0525704111560335,Healthy,train
12,30.79404248716915,0.0500767157194341,0.3894742534327984,2020-01,Beed,1,1.0,0.0716944475551763,64,2020.0,"{""type"":""MultiPoint"",""coordinates"":[]}",0.3626732960931506,0.057439538546204,0.4665942313949687,Healthy,0.3917571162521023,0.0942919045358735,3.928243782012641,29.6386434796687,-0.9198328325740146,0.4848405407794391,0.4362892622183156,244.8119929950905,-0.0930834245273368,Healthy,train
13,35.5056168754403,0.0038853789674575,0.3146855762507902,2020-02,Beed,1,2.0,0.0,60,2020.0,"{""type"":""MultiPoint"",""coordinates"":[]}",0.3034761900094065,0.0516767756518183,0.2169134219384914,Healthy,0.3894742534327984,0.0500767157194341,0.0716944475551763,30.79404248716915,0.4665942313949687,0.3917571162521023,0.4220239701547799,28.62465313087395,-0.0022828628193038,Healthy,train
14,42.024190638044736,-0.0379132109808048,0.2616060847153736,2020-03,Beed,1,3.0,6.629897318811858,60,2020.0,"{""type"":""MultiPoint"",""coordinates"":[]}",0.2309495183129395,0.0399705876041101,0.7669781266683625,Healthy,0.3146855762507902,0.0038853789674575,0.0,35.5056168754403,0.2169134219384914,0.3894742534327984,0.3653056486452302,3.9999382295678174,-0.0747886771820082,Healthy,train
15,48.46597622364681,-0.0684458082381143,0.2274397479299865,2020-04,Beed,1,4.0,6.511114092074903,60,2020.0,"{""type"":""MultiPoint"",""coordinates"":[]}",0.2152928043753315,0.0264443688398711,0.4593395148966694,Healthy,0.2616060847153736,-0.0379132109808048,6.629897318811858,42.024190638044736,0.7669781266683625,0.3146855762507902,0.3219219714663207,6.701591766367034,-0.0530794915354165,Healthy,train
16,47.2172226541136,-0.0701424893488637,0.1787676392327485,2020-05,Beed,1,5.0,20.623830905314705,58,2020.0,"{""type"":""MultiPoint"",""coordinates"":[]}",0.1860362883470375,0.0342891616580476,-0.2119809514964648,Healthy,0.2274397479299865,-0.0684458082381143,6.511114092074903,48.46597622364681,0.4593395148966694,0.2616060847153736,0.26791046963205,13.141011410886762,-0.0341663367853871,Healthy,train
17,38.7315575413636,-0.0071950868015811,0.2131092343236729,2020-06,Beed,1,6.0,212.4512533275096,60,2020.0,"{""type"":""MultiPoint"",""coordinates"":[]}",0.1668793235320186,0.0516381797364768,0.8952660807870769,Healthy,0.1787676392327485,-0.0701424893488637,20.623830905314705,47.2172226541136,-0.2119809514964648,0.2274397479299865,0.2226044906260361,33.76484231620147,-0.048672108697238,Healthy,train
18,31.619309346107386,0.0828231487233574,0.32318892054559,2020-07,Beed,1,7.0,173.63928061131526,60,2020.0,"{""type"":""MultiPoint"",""coordinates"":[]}",0.2064569165452775,0.1226866658122359,0.9514644743786848,Healthy,0.2131092343236729,-0.0071950868015811,212.4512533275096,38.7315575413636,0.8952660807870769,0.1787676392327485,0.2064388738288026,239.5861983248992,0.0343415950909244,Healthy,train
19,30.288348986505103,0.1985326650505853,0.5110781779095586,2020-08,Beed,1,8.0,108.1987787481471,60,2020.0,"{""type"":""MultiPoint"",""coordinates"":[]}",0.3674555135019941,0.1619427244115797,0.8868732135353325,Healthy,0.32318892054559,0.0828231487233574,173.63928061131526,31.619309346107386,0.9514644743786848,0.2131092343236729,0.2383552647006704,406.71436484413954,0.1100796862219171,Healthy,train
20,31.264817553607102,0.1783943859260336,0.511212640329316,2020-09,Beed,1,9.0,288.324450550405,60,2020.0,"{""type"":""MultiPoint"",""coordinates"":[]}",0.3982720487814459,0.1223848807280962,0.9228312425191744,Healthy,0.5110781779095586,0.1985326650505853,108.1987787481471,30.288348986505103,0.8868732135353325,0.32318892054559,0.349125444259607,494.2893126869719,0.1878892573639685,Healthy,train
21,32.41760866195533,0.1197226641407645,0.4363433170815289,2020-10,Beed,1,10.0,148.6321908067801,62,2020.0,"{""type"":""MultiPoint"",""coordinates"":[]}",0.4420509319325591,0.0691289207669277,-0.0825647903613855,Healthy,0.511212640329316,0.1783943859260336,288.324450550405,31.264817553607102,0.9228312425191744,0.5110781779095586,0.4484932462614881,570.1625099098674,0.0001344624197574,Healthy,train
22,32.1870388706329,0.0987416167551176,0.4716143432808058,2020-11,Beed,1,11.0,5.81235079330317,60,2020.0,"{""type"":""MultiPoint"",""coordinates"":[]}",0.4262888716982356,0.0705724036269663,0.6422548936005196,Healthy,0.4363433170815289,0.1197226641407645,148.6321908067801,32.41760866195533,-0.0825647903613855,0.511212640329316,0.4862113784401344,545.1554201053323,-0.0748693232477871,Healthy,train
23,31.04182843304509,0.0672807707537667,0.4347819766711271,2020-12,Beed,1,12.0,2.717477942270336,60,2020.0,"{""type"":""MultiPoint"",""coordinates"":[]}",0.4178445876348873,0.0283611004727708,0.5972049304822011,Healthy,0.4716143432808058,0.0987416167551176,5.81235079330317,32.1870388706329,0.6422548936005196,0.4363433170815289,0.4730567668972168,442.76899215048826,0.0352710261992769,Healthy,train
24,31.727973025825456,0.0388171355831836,0.3615115397302835,2021-01,Beed,1,1.0,1.0804362033688415,70,2021.0,"{""type"":""MultiPoint"",""coordinates"":[]}",0.3626732960931506,0.057439538546204,-0.0202257259071228,Healthy,0.4347819766711271,0.0672807707537667,2.717477942270336,31.04182843304509,0.5972049304822011,0.4716143432808058,0.4475798790111538,157.16201954235362,-0.0368323666096787,Healthy,train
25,35.87306591932156,0.0077309535195162,0.327635241691631,2021-02,Beed,1,2.0,0.0258006456453495,56,2021.0,"{""type"":""MultiPoint"",""coordinates"":[]}",0.3034761900094065,0.0516767756518183,0.4675030780751578,Healthy,0.3615115397302835,0.0388171355831836,1.0804362033688415,31.727973025825456,-0.0202257259071228,0.4347819766711271,0.4226359532274054,9.610264938942349,-0.0732704369408436,Healthy,train
26,42.31783942732783,-0.0299987934535992,0.2586367034769658,2021-03,Beed,1,3.0,0.0,60,2021.0,"{""type"":""MultiPoint"",""coordinates"":[]}",0.2309495183129395,0.0399705876041101,0.6926889701561263,Healthy,0.327635241691631,0.0077309535195162,0.0258006456453495,35.87306591932156,0.4675030780751578,0.3615115397302835,0.3746429193643472,3.823714791284527,-0.0338762980386525,Healthy,train
27,45.0314979316333,-0.0544641604656497,0.2279359913528374,2021-04,Beed,1,4.0,13.571817699552188,59,2021.0,"{""type"":""MultiPoint"",""coordinates"":[]}",0.2152928043753315,0.0264443688398711,0.4781050761341415,Healthy,0.2586367034769658,-0.0299987934535992,0.0,42.31783942732783,0.6926889701561263,0.327635241691631,0.3159278282996267,1.106236849014191,-0.0689985382146651,Healthy,train
28,43.56196755404665,-0.0618084992231653,0.193232355068343,2021-05,Beed,1,5.0,63.58914398650156,64,2021.0,"{""type"":""MultiPoint"",""coordinates"":[]}",0.1860362883470375,0.0342891616580476,0.2098641778725596,Healthy,0.2279359913528374,-0.0544641604656497,13.571817699552188,45.0314979316333,0.4781050761341415,0.2586367034769658,0.2714026455071447,13.597618345197535,-0.0307007121241284,Healthy,train
29,35.38986595823451,-0.0003588029732134,0.2314934645010281,2021-06,Beed,1,6.0,158.72489555161334,60,2021.0,"{""type"":""MultiPoint"",""coordinates"":[]}",0.1668793235320186,0.0516381797364768,1.251286185894862,Healthy,0.193232355068343,-0.0618084992231653,63.58914398650156,43.56196755404665,0.2098641778725596,0.2279359913528374,0.226601683299382,77.16096168605375,-0.0347036362844944,Healthy,train
30,35.98466008175356,0.0901917862815104,0.3531081410517963,2021-07,Beed,1,7.0,184.6730463405896,60,2021.0,"{""type"":""MultiPoint"",""coordinates"":[]}",0.2064569165452775,0.1226866658122359,1.1953314040741718,Healthy,0.2314934645010281,-0.0003588029732134,158.72489555161334,35.38986595823451,1.251286185894862,0.193232355068343,0.2175539369740694,235.8858572376671,0.0382611094326851,Healthy,train
31,30.599318372327104,0.1548361287905492,0.4556865520446158,2021-08,Beed,1,8.0,130.73422052229705,60,2021.0,"{""type"":""MultiPoint"",""coordinates"":[]}",0.3674555135019941,0.1619427244115797,0.5448286662041157,Healthy,0.3531081410517963,0.0901917862815104,184.6730463405896,35.98466008175356,1.1953314040741718,0.2314934645010281,0.2592779868737224,406.9870858787045,0.1216146765507681,Healthy,train
32,30.08082616905048,0.1381809941103589,0.4596040909870799,2021-09,Beed,1,9.0,309.6582529904326,60,2021.0,"{""type"":""MultiPoint"",""coordinates"":[]}",0.3982720487814459,0.1223848807280962,0.5011406788220512,Healthy,0.4556865520446158,0.1548361287905492,130.73422052229705,30.599318372327104,0.5448286662041157,0.3531081410517963,0.3467627191991467,474.1321624145,0.1025784109928195,Healthy,train
33,32.20013723083204,0.1274441458727384,0.4850885901838176,2021-10,Beed,1,10.0,84.22592658294836,66,2021.0,"{""type"":""MultiPoint"",""coordinates"":[]}",0.4420509319325591,0.0691289207669277,0.6225709554523864,Healthy,0.4596040909870799,0.1381809941103589,309.6582529904326,30.08082616905048,0.5011406788220512,0.4556865520446158,0.4227995946944973,625.0655198533192,0.0039175389424641,Healthy,train
34,31.02397845644371,0.0962510600029487,0.371289358823983,2021-11,Beed,1,11.0,20.00112371077139,60,2021.0,"{""type"":""MultiPoint"",""coordinates"":[]}",0.4262888716982356,0.0705724036269663,-0.7793345563936109,Healthy,0.4850885901838176,0.1274441458727384,84.22592658294836,32.20013723083204,0.6225709554523864,0.4596040909870799,0.4667930777385043,524.6184000956779,0.0254844991967377,Healthy,train
35,29.407029703035,0.0742663714667205,0.4552877384534256,2021-12,Beed,1,12.0,5.920437064876426,65,2021.0,"{""type"":""MultiPoint"",""coordinates"":[]}",0.4178445876348873,0.0283611004727708,1.32022912349565,Healthy,0.371289358823983,0.0962510600029487,20.00112371077139,31.02397845644371,-0.7793345563936109,0.4850885901838176,0.4386606799982934,413.88530328415226,-0.1137992313598346,Healthy,train
36,29.45282898202651,0.0460323751045739,0.3775476856157857,2022-01,Beed,1,1.0,0.1513733488355262,58,2022.0,"{""type"":""MultiPoint"",""coordinates"":[]}",0.3626732960931506,0.057439538546204,0.2589573297262861,Healthy,0.4552877384534256,0.0742663714667205,5.920437064876426,29.407029703035,1.32022912349565,0.371289358823983,0.4372218958204087,110.14748735859618,0.0839983796294425,Healthy,train
37,35.10863861332388,0.0028831784712455,0.3211084330604282,2022-02,Beed,1,2.0,0.0,56,2022.0,"{""type"":""MultiPoint"",""coordinates"":[]}",0.3034761900094065,0.0516767756518183,0.3412024614272003,Healthy,0.3775476856157857,0.0460323751045739,0.1513733488355262,29.45282898202651,0.2589573297262861,0.4552877384534256,0.4013749276310647,26.072934124483343,-0.0777400528376398,Healthy,train
38,42.59241709001433,0.0426941514675082,0.1811415598321209,2022-03,Beed,1,3.0,0.0573820693377986,60,2022.0,"{""type"":""MultiPoint"",""coordinates"":[]}",0.2309495183129395,0.0399705876041101,-1.2461152428916729,Healthy,0.3211084330604282,0.0028831784712455,0.0,35.10863861332388,0.3412024614272003,0.3775476856157857,0.3846479523765465,6.071810413711952,-0.0564392525553575,Healthy,train
39,45.03337422291502,0.0192926745099737,0.2073236417115815,2022-04,Beed,1,4.0,9.436668596376322,62,2022.0,"{""type"":""MultiPoint"",""coordinates"":[]}",0.2152928043753315,0.0264443688398711,-0.3013557522210401,Healthy,0.1811415598321209,0.0426941514675082,0.0573820693377986,42.59241709001433,-1.2461152428916729,0.3211084330604282,0.2932658928361115,0.2087554181733248,-0.1399668732283072,Healthy,train
40,42.75546560229773,-0.0155014716846855,0.1712011835631421,2022-05,Beed,1,5.0,12.436565785844758,64,2022.0,"{""type"":""MultiPoint"",""coordinates"":[]}",0.1860362883470375,0.0342891616580476,-0.432647054245307,Healthy,0.2073236417115815,0.0192926745099737,9.436668596376322,45.03337422291502,-0.3013557522210401,0.1811415598321209,0.2365245448680435,9.49405066571412,0.0261820818794605,Healthy,train
41,39.471407722743976,0.0371419055757821,0.1107136954376415,2022-06,Beed,1,6.0,136.63979866509118,60,2022.0,"{""type"":""MultiPoint"",""coordinates"":[]}",0.1668793235320186,0.0516381797364768,-1.0876763739737734,Healthy,0.1712011835631421,-0.0155014716846855,12.436565785844758,42.75546560229773,-0.432647054245307,0.2073236417115815,0.1865554617022814,21.93061645155888,-0.0361224581484393,Healthy,train
42,28.92377793436876,0.2743800772956516,0.0823898371796632,2022-07,Beed,1,7.0,273.7444911616995,60,2022.0,"{""type"":""MultiPoint"",""coordinates"":[]}",0.2064569165452775,0.1226866658122359,-1.0112515369477155,Healthy,0.1107136954376415,0.0371419055757821,136.63979866509118,39.471407722743976,-1.0876763739737734,0.1712011835631421,0.1630795069041216,158.51303304731226,-0.0604874881255006,Emerging Stress,train
43,30.4283193838192,0.2193437040326746,0.1501504248079236,2022-08,Beed,1,8.0,136.91271106165686,60,2022.0,"{""type"":""MultiPoint"",""coordinates"":[]}",0.3674555135019941,0.1619427244115797,-1.3418638563952192,Emerging Stress,0.0823898371796632,0.2743800772956516,273.7444911616995,28.92377793436876,-1.0112515369477155,0.1107136954376415,0.1214349053934822,422.82085561263546,-0.0283238582579783,Recovery,train
44,29.50638978646748,0.24735510859136,0.2640729629386957,2022-09,Beed,1,9.0,261.3467705735358,62,2022.0,"{""type"":""MultiPoint"",""coordinates"":[]}",0.3982720487814459,0.1223848807280962,-1.096533207732593,Recovery,0.1501504248079236,0.2193437040326746,136.91271106165686,30.4283193838192,-1.3418638563952192,0.0823898371796632,0.1144179858084093,547.2970008884475,0.0677605876282604,Emerging Stress,train
45,31.736367261943144,0.1868455814575775,0.3128142738776201,2022-10,Beed,1,10.0,189.26775393006525,66,2022.0,"{""type"":""MultiPoint"",""coordinates"":[]}",0.4420509319325591,0.0691289207669277,-1.869502035055171,Emerging Stress,0.2640729629386957,0.24735510859136,261.3467705735358,29.50638978646748,-1.096533207732593,0.1501504248079236,0.1655377416420941,672.0039727968922,0.1139225381307721,Recovery,train
46,31.845122961099467,0.0898636229438903,0.4362894776023795,2022-11,Beed,1,11.0,4.352562795484643,61,2022.0,"{""type"":""MultiPoint"",""coordinates"":[]}",0.4262888716982356,0.0705724036269663,0.1417070326384993,Recovery,0.3128142738776201,0.1868455814575775,189.26775393006525,31.736367261943144,-1.869502035055171,0.2640729629386957,0.2423458872080797,587.5272355652579,0.0487413109389244,Emerging Stress,train
47,30.71288894668517,0.0871276812374615,0.3785550373494285,2022-12,Beed,1,12.0,10.070496689606705,60,2022.0,"{""type"":""MultiPoint"",""coordinates"":[]}",0.4178445876348873,0.0283611004727708,-1.3853323612453,Emerging Stress,0.4362894776023795,0.0898636229438903,4.352562795484643,31.845122961099467,0.1417070326384993,0.3128142738776201,0.3377255714728984,454.9670872990857,0.1234752037247594,Recovery,train
48,30.32030651139292,0.0634176881341931,0.3974576784097871,2023-01,Beed,1,1.0,3.4885265436044546,66,2023.0,"{""type"":""MultiPoint"",""coordinates"":[]}",0.3626732960931506,0.057439538546204,0.6055825516191441,Recovery,0.3785550373494285,0.0871276812374615,10.070496689606705,30.71288894668517,-1.3853323612453,0.4362894776023795,0.3758862629431427,203.6908134151566,-0.0577344402529509,Healthy,test
49,35.75243773246193,0.0262990462156709,0.3462422800640337,2023-02,Beed,1,2.0,0.0,56,2023.0,"{""type"":""MultiPoint"",""coordinates"":[]}",0.3034761900094065,0.0516767756518183,0.8275688549682635,Healthy,0.3974576784097871,0.0634176881341931,3.4885265436044546,30.32030651139292,0.6055825516191441,0.3785550373494285,0.4041007311205316,17.9115860286958,0.0189026410603585,Healthy,test
50,39.36410152887533,0.0027713718509841,0.2601778444207006,2023-03,Beed,1,3.0,8.673761270221753,60,2023.0,"{""type"":""MultiPoint"",""coordinates"":[]}",0.2309495183129395,0.0399705876041101,0.7312458450011756,Healthy,0.3462422800640337,0.0262990462156709,0.0,35.75243773246193,0.8275688549682635,0.3974576784097871,0.3740849986077497,13.559023233211157,-0.0512153983457533,Healthy,test
51,42.23187715414426,-0.0278514092623278,0.2338584834671759,2023-04,Beed,1,4.0,33.27091572272753,60,2023.0,"{""type"":""MultiPoint"",""coordinates"":[]}",0.2152928043753315,0.0264443688398711,0.7020655022725384,Healthy,0.2601778444207006,0.0027713718509841,8.673761270221753,39.36410152887533,0.7312458450011756,0.3462422800640337,0.3346259342981737,12.162287813826207,-0.0860644356433331,Healthy,test
52,43.34339616361689,-0.0204745530458038,0.244099522160143,2023-05,Beed,1,5.0,9.806122985437533,64,2023.0,"{""type"":""MultiPoint"",""coordinates"":[]}",0.1860362883470375,0.0342891616580476,1.693340723583368,Healthy,0.2338584834671759,-0.0278514092623278,33.27091572272753,42.23187715414426,0.7020655022725384,0.2601778444207006,0.2800928693173033,41.94467699294928,-0.0263193609535246,Healthy,test
53,41.39718758232609,0.0126548815467752,0.1583010877164524,2023-06,Beed,1,6.0,70.76737734647264,60,2023.0,"{""type"":""MultiPoint"",""coordinates"":[]}",0.1668793235320186,0.0516381797364768,-0.1661219636196163,Healthy,0.244099522160143,-0.0204745530458038,9.806122985437533,43.34339616361689,1.693340723583368,0.2338584834671759,0.2460452833493397,51.750799978386816,0.0102410386929671,Healthy,test
54,26.67104286989549,0.2348617778386611,0.0500234917137344,2023-07,Beed,1,7.0,291.31267221753427,60,2023.0,"{""type"":""MultiPoint"",""coordinates"":[]}",0.2064569165452775,0.1226866658122359,-1.2750646029533026,Healthy,0.1583010877164524,0.0126548815467752,70.76737734647264,41.39718758232609,-0.1661219636196163,0.244099522160143,0.2120863644479237,113.8444160546377,-0.0857984344436905,Healthy,test
55,30.14047473233143,0.1844946109072639,0.1888703503254341,2023-08,Beed,1,8.0,38.73562667338852,60,2023.0,"{""type"":""MultiPoint"",""coordinates"":[]}",0.3674555135019941,0.1619427244115797,-1.1027674372248015,Healthy,0.0500234917137344,0.2348617778386611,291.31267221753427,26.67104286989549,-1.2750646029533026,0.1583010877164524,0.1508080338634432,371.8861725494445,-0.108277596002718,Emerging Stress,test
56,31.055692387470565,0.2031900402578352,0.2219890917616903,2023-09,Beed,1,9.0,202.38574380208007,63,2023.0,"{""type"":""MultiPoint"",""coordinates"":[]}",0.3982720487814459,0.1223848807280962,-1.440398160058719,Emerging Stress,0.1888703503254341,0.1844946109072639,38.73562667338852,30.14047473233143,-1.1027674372248015,0.0500234917137344,0.1323983099185402,400.81567623739545,0.1388468586116996,Recovery,test
57,34.958735144332245,0.1335366562774549,0.4974376720867143,2023-10,Beed,1,10.0,20.657531716033283,68,2023.0,"{""type"":""MultiPoint"",""coordinates"":[]}",0.4420509319325591,0.0691289207669277,0.8012093858791011,Recovery,0.2219890917616903,0.2031900402578352,202.38574380208007,31.055692387470565,-1.440398160058719,0.1888703503254341,0.1536276446002862,532.4340426930029,0.0331187414362562,Emerging Stress,test
58,31.868368164097163,0.0933753617651894,0.3115229047227301,2023-11,Beed,1,11.0,54.01803186134531,69,2023.0,"{""type"":""MultiPoint"",""coordinates"":[]}",0.4262888716982356,0.0705724036269663,-1.626215929701628,Emerging Stress,0.4974376720867143,0.1335366562774549,20.657531716033283,34.958735144332245,0.8012093858791011,0.2219890917616903,0.3027657047246128,261.7789021915019,0.275448580325024,Recovery,test
59,28.234985447373774,0.0988647849219904,0.4282524710250451,2023-12,Beed,1,12.0,9.815551170204008,62,2023.0,"{""type"":""MultiPoint"",""coordinates"":[]}",0.4178445876348873,0.0283611004727708,0.3669774168372027,Recovery,0.3115229047227301,0.0933753617651894,54.01803186134531,31.868368164097163,-1.626215929701628,0.4974376720867143,0.3436498895237115,277.06130737945864,-0.1859147673639842,Healthy,test
60,29.506012145681048,0.0737883524798952,0.400888559756919,2024-01,Beed,1,1.0,3.725228391869464,66,2024.0,"{""type"":""MultiPoint"",""coordinates"":[]}",0.3626732960931506,0.057439538546204,0.6653128599392945,Healthy,0.4282524710250451,0.0988647849219904,9.815551170204008,28.234985447373774,0.3669774168372027,0.3115229047227301,0.4124043492781631,84.4911147475826,0.116729566302315,Healthy,test
61,34.627680002109784,-0.0129966216468536,0.309987950971707,2024-02,Beed,1,2.0,3.6557857052521134,56,2024.0,"{""type"":""MultiPoint"",""coordinates"":[]}",0.3034761900094065,0.0516767756518183,0.1260094284166376,Healthy,0.400888559756919,0.0737883524798952,3.725228391869464,29.506012145681048,0.6653128599392945,0.4282524710250451,0.380221311834898,67.55881142341877,-0.027363911268126,Healthy,test
62,40.79102857978529,-0.050515172546656,0.2454863303076006,2024-03,Beed,1,3.0,0.3385196060243416,64,2024.0,"{""type"":""MultiPoint"",""coordinates"":[]}",0.2309495183129395,0.0399705876041101,0.3636877230487911,Healthy,0.309987950971707,-0.0129966216468536,3.6557857052521134,34.627680002109784,0.1260094284166376,0.400888559756919,0.3797096605845569,17.196565267325585,-0.090900608785212,Healthy,test
63,43.41799150717761,-0.0870514482677303,0.2304234463532351,2024-04,Beed,1,4.0,22.02933639375785,60,2024.0,"{""type"":""MultiPoint"",""coordinates"":[]}",0.2152928043753315,0.0264443688398711,0.5721687694466959,Healthy,0.2454863303076006,-0.050515172546656,0.3385196060243416,40.79102857978529,0.3636877230487911,0.309987950971707,0.3187876136787421,7.719533703145919,-0.0645016206641064,Healthy,test
64,41.91054656909605,-0.0716974657773227,0.1894734739768639,2024-05,Beed,1,5.0,17.951412264035607,60,2024.0,"{""type"":""MultiPoint"",""coordinates"":[]}",0.1860362883470375,0.0342891616580476,0.1002411684515378,Healthy,0.2304234463532351,-0.0870514482677303,22.02933639375785,43.41799150717761,0.5721687694466959,0.2454863303076006,0.2619659092108475,26.023641705034304,-0.0150628839543654,Healthy,test
65,36.425377419157215,-0.03574196892766,0.1807720137372359,2024-06,Beed,1,6.0,196.36973577228977,63,2024.0,"{""type"":""MultiPoint"",""coordinates"":[]}",0.1668793235320186,0.0516381797364768,0.2690391155558795,Healthy,0.1894734739768639,-0.0716974657773227,17.951412264035607,41.91054656909605,0.1002411684515378,0.2304234463532351,0.2217944168792331,40.3192682638178,-0.0409499723763712,Healthy,test
66,27.29466155557861,0.0644637372786589,0.2226506798988058,2024-07,Beed,1,7.0,193.20462045129352,62,2024.0,"{""type"":""MultiPoint"",""coordinates"":[]}",0.2064569165452775,0.1226866658122359,0.1319928555097564,Healthy,0.1807720137372359,-0.03574196892766,196.36973577228977,36.425377419157215,0.2690391155558795,0.1894734739768639,0.2002229780224449,236.3504844300832,-0.008701460239628,Healthy,test
67,27.35144589391945,0.2103363964086894,0.5207018978816353,2024-08,Beed,1,8.0,178.4489728126422,66,2024.0,"{""type"":""MultiPoint"",""coordinates"":[]}",0.3674555135019941,0.1619427244115797,0.9462999028604916,Healthy,0.2226506798988058,0.0644637372786589,193.20462045129352,27.29466155557861,0.1319928555097564,0.1807720137372359,0.1976320558709684,407.5257684876189,0.0418786661615699,Healthy,test
68,30.29517487749808,0.1392916112991497,0.4639766083106741,2024-09,Beed,1,9.0,213.2872544601613,60,2024.0,"{""type"":""MultiPoint"",""coordinates"":[]}",0.3982720487814459,0.1223848807280962,0.5368682727665082,Healthy,0.5207018978816353,0.2103363964086894,178.4489728126422,27.35144589391945,0.9462999028604916,0.2226506798988058,0.3080415305058923,568.0233290362255,0.2980512179828295,Healthy,test
69,31.41516531415511,0.1079341752883725,0.4883516087422682,2024-10,Beed,1,10.0,85.52803942804643,65,2024.0,"{""type"":""MultiPoint"",""coordinates"":[]}",0.4420509319325591,0.0691289207669277,0.6697728866014641,Healthy,0.4639766083106741,0.1392916112991497,213.2872544601613,30.29517487749808,0.5368682727665082,0.5207018978816353,0.4024430620303716,584.940847724097,-0.0567252895709612,Healthy,test
70,28.35675211966429,0.1147292935300549,0.4821766049800766,2024-11,Beed,1,11.0,8.334319007479044,63,2024.0,"{""type"":""MultiPoint"",""coordinates"":[]}",0.4262888716982356,0.0705724036269663,0.7919205016348029,Healthy,0.4883516087422682,0.1079341752883725,85.52803942804643,31.41516531415511,0.6697728866014641,0.4639766083106741,0.4910100383115258,477.26426670084993,0.024375000431594,Healthy,test
71,27.51094886714404,0.0783684703597239,0.4184331860581951,2024-12,Beed,1,12.0,5.098989335079743,75,2024.0,"{""type"":""MultiPoint"",""coordinates"":[]}",0.4178445876348873,0.0283611004727708,0.0207537230042565,Healthy,0.4821766049800766,0.1147292935300549,8.334319007479044,28.35675211966429,0.7919205016348029,0.4883516087422682,0.4781682740110062,307.1496128956868,-0.0061750037621916,Healthy,test
72,28.154373203555696,0.0452728147412803,0.4053148830386078,2025-01,Beed,1,1.0,2.0011654073488128,54,2025.0,"{""type"":""MultiPoint"",""coordinates"":[]}",0.3626732960931506,0.057439538546204,0.7423734247300141,Healthy,0.4184331860581951,0.0783684703597239,5.098989335079743,27.51094886714404,0.0207537230042565,0.4821766049800766,0.4629871332601799,98.96134777060522,-0.0637434189218815,Healthy,holdout_recent
73,32.86612606553683,0.002357491282028,0.3216534352060793,2025-02,Beed,1,2.0,2.949744816756963,58,2025.0,"{""type"":""MultiPoint"",""coordinates"":[]}",0.3034761900094065,0.0516767756518183,0.3517488265743444,Healthy,0.4053148830386078,0.0452728147412803,2.0011654073488128,28.154373203555696,0.7423734247300141,0.4184331860581951,0.4353082246922931,15.4344737499076,-0.0131183030195872,Healthy,holdout_recent
74,37.62660065464577,-0.0287516265504427,0.2608135554630911,2025-03,Beed,1,3.0,0.1912158796927597,74,2025.0,"{""type"":""MultiPoint"",""coordinates"":[]}",0.2309495183129395,0.0399705876041101,0.7471503157757096,Healthy,0.3216534352060793,0.002357491282028,2.949744816756963,32.86612606553683,0.3517488265743444,0.4053148830386078,0.381800501434294,10.04989955918552,-0.0836614478325284,Healthy,holdout_recent
75,41.21592140353367,-0.0434263500934705,0.2285216565096146,2025-04,Beed,1,4.0,6.676549442225362,69,2025.0,"{""type"":""MultiPoint"",""coordinates"":[]}",0.2152928043753315,0.0264443688398711,0.5002521411793907,Healthy,0.2608135554630911,-0.0287516265504427,0.1912158796927597,37.62660065464577,0.7471503157757096,0.3216534352060793,0.3292606245692593,5.142126103798535,-0.0608398797429882,Healthy,holdout_recent
76,36.83988764596822,-0.0383170339588793,0.2168643242568808,2025-05,Beed,1,5.0,144.26403536220127,80,2025.0,"{""type"":""MultiPoint"",""coordinates"":[]}",0.1860362883470375,0.0342891616580476,0.8990606482969509,Healthy,0.2285216565096146,-0.0434263500934705,6.676549442225362,41.21592140353367,0.5002521411793907,0.2608135554630911,0.2703295490595949,9.817510138675084,-0.0322918989534765,Healthy,holdout_recent
77,31.670136776387423,0.0436314001072403,0.2601179871139003,2025-06,Beed,1,6.0,93.55118830386112,68,2025.0,"{""type"":""MultiPoint"",""coordinates"":[]}",0.1668793235320186,0.0516381797364768,1.805614838820868,Healthy,0.2168643242568808,-0.0383170339588793,144.26403536220127,36.83988764596822,0.8990606482969509,0.2285216565096146,0.2353998454098621,151.13180068411938,-0.0116573322527337,Healthy,holdout_recent
78,29.370740446228893,0.0973914377967614,0.2922403971067541,2025-07,Beed,1,7.0,104.56253210441984,78,2025.0,"{""type"":""MultiPoint"",""coordinates"":[]}",0.2064569165452775,0.1226866658122359,0.6992078559927826,Healthy,0.2601179871139003,0.0436314001072403,93.55118830386112,31.670136776387423,1.805614838820868,0.2168643242568808,0.2351679892934651,244.49177310828776,0.0432536628570194,Healthy,holdout_recent
79,25.946283604372045,0.1816215717486761,0.4539978280182355,2025-08,Beed,1,8.0,251.15036782515605,85,2025.0,"{""type"":""MultiPoint"",""coordinates"":[]}",0.3674555135019941,0.1619427244115797,0.5344007570003139,Healthy,0.2922403971067541,0.0973914377967614,104.56253210441984,29.370740446228893,0.6992078559927826,0.2601179871139003,0.2564075694925116,342.3777557704822,0.0321224099928538,Healthy,holdout_recent
80,27.288196765961423,0.1526174048812051,0.4367538785177265,2025-09,Beed,1,9.0,307.67831513476455,76,2025.0,"{""type"":""MultiPoint"",""coordinates"":[]}",0.3982720487814459,0.1223848807280962,0.3144328736306572,Healthy,0.4539978280182355,0.1816215717486761,251.15036782515605,25.946283604372045,0.5344007570003139,0.2922403971067541,0.3354520707462965,449.26408823343706,0.1617574309114814,Healthy,holdout_recent
81,29.339049677405004,0.1026816941679363,0.4856065665027682,2025-10,Beed,1,10.0,83.18349604390082,70,2025.0,"{""type"":""MultiPoint"",""coordinates"":[]}",0.4420509319325591,0.0691289207669277,0.6300638587583262,Healthy,0.4367538785177265,0.1526174048812051,307.67831513476455,27.288196765961423,0.3144328736306572,0.4539978280182355,0.3943307012142386,663.3912150643405,-0.017243949500509,Healthy,holdout_recent
82,27.18664818842388,0.0993222309293574,0.4997642213976803,2025-11,Beed,1,11.0,7.975583162221635,84,2025.0,"{""type"":""MultiPoint"",""coordinates"":[]}",0.4262888716982356,0.0705724036269663,1.041134295040067,Healthy,0.4856065665027682,0.1026816941679363,83.18349604390082,29.339049677405004,0.6300638587583262,0.4367538785177265,0.45878609101291,642.0121790038214,0.0488526879850416,Healthy,holdout_recent
83,24.49040722838353,0.0864930767173659,0.4683807297599318,2025-12,Beed,1,12.0,2.535342177988526,79,2025.0,"{""type"":""MultiPoint"",""coordinates"":[]}",0.4178445876348873,0.0283611004727708,1.78188227123146,Healthy,0.4997642213976803,0.0993222309293574,7.975583162221635,27.18664818842388,1.041134295040067,0.4856065665027682,0.4740415554727249,398.837394340887,0.0141576548949121,Healthy,holdout_recent
84,25.07099149489761,0.065412902210969,0.4062377033412193,2026-01,Beed,1,1.0,0.0550687436604877,68,2026.0,"{""type"":""MultiPoint"",""coordinates"":[]}",0.3626732960931506,0.057439538546204,0.7584393668661816,Healthy,0.4683807297599318,0.0864930767173659,2.535342177988526,24.49040722838353,1.78188227123146,0.4997642213976803,0.4845838392201266,93.69442138411098,-0.0313834916377485,Healthy,holdout_recent
85,28.66935832126057,0.0364786721223303,0.3690747351213539,2026-02,Beed,1,2.0,2.113164475434128,56,2026.0,"{""type"":""MultiPoint"",""coordinates"":[]}",0.3034761900094065,0.0516767756518183,1.2694008920744106,Healthy,0.4062377033412193,0.065412902210969,0.0550687436604877,25.07099149489761,0.7584393668661816,0.4683807297599318,0.4581275514996104,10.565994083870647,-0.0621430264187125,Healthy,holdout_recent
86,33.95065742243185,-0.0048821080351634,0.2922459614850518,2026-03,Beed,1,3.0,2.5742967291114045,74,2026.0,"{""type"":""MultiPoint"",""coordinates"":[]}",0.2309495183129395,0.0399705876041101,1.5335387054907634,Healthy,0.3690747351213539,0.0364786721223303,2.113164475434128,28.66935832126057,1.2694008920744106,0.4062377033412193,0.4145643894075015,4.703575397083142,-0.0371629682198653,Healthy,holdout_recent
87,38.05222737612896,-0.0378478983595433,0.2632755287140104,2026-04,Beed,1,4.0,24.09015628882085,80,2026.0,"{""type"":""MultiPoint"",""coordinates"":[]}",0.2152928043753315,0.0264443688398711,1.8144779566957785,Healthy,0.2922459614850518,-0.0048821080351634,2.5742967291114045,33.95065742243185,1.5335387054907634,0.3690747351213539,0.3558527999825416,4.74252994820602,-0.0768287736363021,Healthy,holdout_recent
88,38.09363882836311,-0.0371953493794092,0.2147773761949768,2026-05,Beed,1,5.0,19.989755014121315,69,2026.0,"{""type"":""MultiPoint"",""coordinates"":[]}",0.1860362883470375,0.0342891616580476,0.8381974495195559,Healthy,0.2632755287140104,-0.0378478983595433,24.09015628882085,38.05222737612896,1.8144779566957785,0.2922459614850518,0.3081987417734719,28.77761749336638,-0.0289704327710413,Healthy,holdout_recent
3,41.16980858722291,0.0090321863532586,0.4081744267105761,2019-04,Kolhapur,1,4.0,24.99891704389935,30,2019.0,"{""type"":""MultiPoint"",""coordinates"":[]}",0.3974399856260679,0.0328081022245026,0.3271887234151299,Healthy,0.3767024636686392,-0.0101244437038706,3.663170896346754,39.34078097649889,0.4694860160765993,0.390817910702684,0.39697593683837,3.728218127693143,-0.0141154470340448,Healthy,train
4,39.47466423447175,0.0410673900113862,0.4330902645650493,2019-05,Kolhapur,1,5.0,16.372592090655804,30,2019.0,"{""type"":""MultiPoint"",""coordinates"":[]}",0.4320198946057575,0.0391820643876533,0.0273178551467288,Healthy,0.4081744267105761,0.0090321863532586,24.99891704389935,41.16980858722291,0.3271887234151299,0.3767024636686392,0.3918982670272997,28.66563598426421,0.0314719630419368,Healthy,train
5,33.66783480122903,0.0778439356191914,0.314168483500076,2019-06,Kolhapur,1,6.0,398.3959788384196,30,2019.0,"{""type"":""MultiPoint"",""coordinates"":[]}",0.3453538141813975,0.0864517562956192,-0.3607252416559842,Healthy,0.4330902645650493,0.0410673900113862,16.372592090655804,39.47466423447175,0.0273178551467288,0.4081744267105761,0.4059890516480882,45.03468003090191,0.0249158378544732,Healthy,train
6,27.967577283470742,0.1888141540870015,0.4012360941560325,2019-07,Kolhapur,1,7.0,454.19140556485286,30,2019.0,"{""type"":""MultiPoint"",""coordinates"":[]}",0.2492155466428177,0.1906056786606583,0.79756567895263,Healthy,0.314168483500076,0.0778439356191914,398.3959788384196,33.66783480122903,-0.3607252416559842,0.4330902645650493,0.3851443915919004,439.7674879729747,-0.1189217810649733,Healthy,train
7,27.77301959746896,0.1873192355047715,0.49232525418722,2019-08,Kolhapur,1,8.0,269.44421705052514,30,2019.0,"{""type"":""MultiPoint"",""coordinates"":[]}",0.3623210703960282,0.1904494371533389,0.6826178419551846,Healthy,0.4012360941560325,0.1888141540870015,454.19140556485286,27.967577283470742,0.79756567895263,0.314168483500076,0.3828316140737193,868.9599764939283,0.0870676106559565,Healthy,train
8,28.85624677621763,0.1892104767795269,0.521528221898098,2019-09,Kolhapur,1,9.0,266.6952069554424,33,2019.0,"{""type"":""MultiPoint"",""coordinates"":[]}",0.4242920277152968,0.1601010654803937,0.6073425800823851,Healthy,0.49232525418722,0.1873192355047715,269.44421705052514,27.77301959746896,0.6826178419551846,0.4012360941560325,0.4025766106144428,1122.0316014537975,0.0910891600311875,Healthy,train
9,27.08675367149671,0.1945369696026424,0.5339576737997683,2019-10,Kolhapur,1,10.0,290.2849555662345,32,2019.0,"{""type"":""MultiPoint"",""coordinates"":[]}",0.504455639598,0.1115309708620756,0.264518760786651,Healthy,0.521528221898098,0.1892104767795269,266.6952069554424,28.85624677621763,0.6073425800823851,0.49232525418722,0.4716965234137835,990.3308295708204,0.0292029677108779,Healthy,train
10,28.764241676710625,0.1588070156298073,0.5207536138803559,2019-11,Kolhapur,1,11.0,27.04750011776404,30,2019.0,"{""type"":""MultiPoint"",""coordinates"":[]}",0.5039297263243945,0.084925903279308,0.1981007785178367,Healthy,0.5339576737997683,0.1945369696026424,290.2849555662345,27.08675367149671,0.264518760786651,0.521528221898098,0.5159370499616954,826.424379572202,0.0124294519016703,Healthy,train
11,29.06479957799696,0.0647979807562487,0.5045406676238631,2019-12,Kolhapur,1,12.0,5.571178542678062,35,2019.0,"{""type"":""MultiPoint"",""coordinates"":[]}",0.4885508811775427,0.0233514546938438,0.6847447688359969,Healthy,0.5207536138803559,0.1588070156298073,27.04750011776404,28.764241676710625,0.1981007785178367,0.5339576737997683,0.5254131698594073,584.0276626394409,-0.0132040599194124,Healthy,train
12,30.077669175123223,0.0163284772646667,0.4258968423578956,2020-01,Kolhapur,1,1.0,0.0620945118092823,30,2020.0,"{""type"":""MultiPoint"",""coordinates"":[]}",0.4281304506247185,0.0270525456423682,-0.0825655484090465,Healthy,0.5045406676238631,0.0647979807562487,5.571178542678062,29.06479957799696,0.6847447688359969,0.5207536138803559,0.5197506517679957,322.9036342266766,-0.0162129462564928,Healthy,train
13,33.40155633930337,-0.0112976555699967,0.375192517551917,2020-02,Kolhapur,1,2.0,0.0,30,2020.0,"{""type"":""MultiPoint"",""coordinates"":[]}",0.3957704386882839,0.0161954953300602,-1.2705953548807185,Healthy,0.4258968423578956,0.0163284772646667,0.0620945118092823,30.077669175123223,-0.0825655484090465,0.5045406676238631,0.4837303746207048,32.680773172251385,-0.0786438252659674,Healthy,train
14,37.9490448304632,-0.0163692222230047,0.3882246083257588,2020-03,Kolhapur,1,3.0,4.272509347617231,32,2020.0,"{""type"":""MultiPoint"",""coordinates"":[]}",0.364409053561917,0.0261848269932631,0.9095173617136736,Healthy,0.375192517551917,-0.0112976555699967,0.0,33.40155633930337,-1.2705953548807185,0.4258968423578956,0.4352100091778919,5.633273054487344,-0.0507043248059785,Healthy,train
15,38.76477853338522,0.0140249765193464,0.4176379561549828,2020-04,Kolhapur,1,4.0,36.25029304481157,30,2020.0,"{""type"":""MultiPoint"",""coordinates"":[]}",0.3974399856260679,0.0328081022245026,0.6156397096882369,Healthy,0.3882246083257588,-0.0163692222230047,4.272509347617231,37.9490448304632,0.9095173617136736,0.375192517551917,0.3964379894118571,4.3346038594265135,0.0130320907738417,Healthy,train
16,36.89820116339413,0.066104594456298,0.4708612560835762,2020-05,Kolhapur,1,5.0,42.95164451343295,25,2020.0,"{""type"":""MultiPoint"",""coordinates"":[]}",0.4320198946057575,0.0391820643876533,0.9913046207452486,Healthy,0.4176379561549828,0.0140249765193464,36.25029304481157,38.76477853338522,0.6156397096882369,0.3882246083257588,0.3936850273442195,40.5228023924288,0.029413347829224,Healthy,train
17,29.888499548829508,0.1450100056526928,0.4306959874001421,2020-06,Kolhapur,1,6.0,475.52470910665375,30,2020.0,"{""type"":""MultiPoint"",""coordinates"":[]}",0.3453538141813975,0.0864517562956192,0.9871652916676388,Healthy,0.4708612560835762,0.066104594456298,42.95164451343295,36.89820116339413,0.9913046207452486,0.4176379561549828,0.4255746068547725,83.47444690586175,0.0532232999285934,Healthy,train
18,25.358233338582995,0.2086382928917889,0.3668090329082782,2020-07,Kolhapur,1,7.0,389.3792457051479,30,2020.0,"{""type"":""MultiPoint"",""coordinates"":[]}",0.2492155466428177,0.1906056786606583,0.6169463947336853,Healthy,0.4306959874001421,0.1450100056526928,475.52470910665375,29.888499548829508,0.9871652916676388,0.4708612560835762,0.4397317332129003,554.7266466648982,-0.0401652686834341,Healthy,train
19,28.4961391125463,0.2235879618678205,0.5382477956819942,2020-08,Kolhapur,1,8.0,304.3247412352971,32,2020.0,"{""type"":""MultiPoint"",""coordinates"":[]}",0.3623210703960282,0.1904494371533389,0.9237450523118108,Healthy,0.3668090329082782,0.2086382928917889,389.3792457051479,25.358233338582995,0.6169463947336853,0.4306959874001421,0.4227887587973322,907.8555993252346,-0.0638869544918638,Healthy,train
20,28.98497840498959,0.2001272350107886,0.523238874668055,2020-09,Kolhapur,1,9.0,321.5048230669738,30,2020.0,"{""type"":""MultiPoint"",""coordinates"":[]}",0.4242920277152968,0.1601010654803937,0.6180274107224814,Healthy,0.5382477956819942,0.2235879618678205,304.3247412352971,28.4961391125463,0.9237450523118108,0.3668090329082782,0.4452509386634715,1169.2286960470988,0.171438762773716,Healthy,train
21,29.30805774944647,0.1829194477417134,0.519022069259789,2020-10,Kolhapur,1,10.0,184.8774340188196,35,2020.0,"{""type"":""MultiPoint"",""coordinates"":[]}",0.504455639598,0.1115309708620756,0.1306043473772188,Healthy,0.523238874668055,0.2001272350107886,321.5048230669738,28.98497840498959,0.6180274107224814,0.5382477956819942,0.4760985677527758,1015.2088100074188,-0.0150089210139392,Healthy,train
22,28.97030517754815,0.1162211477410297,0.5786454793790788,2020-11,Kolhapur,1,11.0,7.914199899474588,30,2020.0,"{""type"":""MultiPoint"",""coordinates"":[]}",0.5039297263243945,0.084925903279308,0.879775783001753,Healthy,0.519022069259789,0.1829194477417134,184.8774340188196,29.30805774944647,0.1306043473772188,0.523238874668055,0.5268362465366128,810.7069983210906,-0.0042168054082659,Healthy,train
23,29.09656929640918,0.0419238261673484,0.4948439648846192,2020-12,Kolhapur,1,12.0,4.897275761815917,32,2020.0,"{""type"":""MultiPoint"",""coordinates"":[]}",0.4885508811775427,0.0233514546938438,0.2694942901666647,Healthy,0.5786454793790788,0.1162211477410297,7.914199899474588,28.97030517754815,0.879775783001753,0.519022069259789,0.5403021411023076,514.296456985268,0.0596234101192898,Healthy,train
24,30.580660503774503,0.0120347358937208,0.4385998315108127,2021-01,Kolhapur,1,1.0,3.176294833556756,30,2021.0,"{""type"":""MultiPoint"",""coordinates"":[]}",0.4281304506247185,0.0270525456423682,0.3870016901366075,Healthy,0.4948439648846192,0.0419238261673484,4.897275761815917,29.09656929640918,0.2694942901666647,0.5786454793790788,0.5308371711744957,197.6889096801101,-0.0838015144944596,Healthy,train
25,33.324412312109864,0.0006026689439902,0.4024804228549964,2021-02,Kolhapur,1,2.0,0.0003816915287012,30,2021.0,"{""type"":""MultiPoint"",""coordinates"":[]}",0.3957704386882839,0.0161954953300602,0.4143117595334202,Healthy,0.4385998315108127,0.0120347358937208,3.176294833556756,30.580660503774503,0.3870016901366075,0.4948439648846192,0.5040297585915036,15.98777049484726,-0.0562441333738064,Healthy,train
26,38.10412260966756,-0.0148569538864033,0.3821972669162539,2021-03,Kolhapur,1,3.0,1.1352718909824355,30,2021.0,"{""type"":""MultiPoint"",""coordinates"":[]}",0.364409053561917,0.0261848269932631,0.6793328578765622,Healthy,0.4024804228549964,0.0006026689439902,0.0003816915287012,33.324412312109864,0.4143117595334202,0.4385998315108127,0.4453080730834761,8.073952286901372,-0.0361194086558163,Healthy,train
27,36.74303478634478,0.0230685642020699,0.4373307950209874,2021-04,Kolhapur,1,4.0,37.01566437379974,30,2021.0,"{""type"":""MultiPoint"",""coordinates"":[]}",0.3974399856260679,0.0328081022245026,1.2158828670415154,Healthy,0.3821972669162539,-0.0148569538864033,1.1352718909824355,38.10412260966756,0.6793328578765622,0.4024804228549964,0.4077591737606876,4.311948416067892,-0.0202831559387425,Healthy,train
28,34.09712026283747,0.087820138776523,0.4492452458889217,2021-05,Kolhapur,1,5.0,208.4183982270177,30,2021.0,"{""type"":""MultiPoint"",""coordinates"":[]}",0.4320198946057575,0.0391820643876533,0.4396233723864731,Healthy,0.4373307950209874,0.0230685642020699,37.01566437379974,36.74303478634478,1.2158828670415154,0.3821972669162539,0.4073361615974125,38.15131795631088,0.0551335281047334,Healthy,train
29,28.34625945613904,0.1560577677018976,0.4081751180261102,2021-06,Kolhapur,1,6.0,299.2681384304086,30,2021.0,"{""type"":""MultiPoint"",""coordinates"":[]}",0.3453538141813975,0.0864517562956192,0.7266631302422252,Healthy,0.4492452458889217,0.087820138776523,208.4183982270177,34.09712026283747,0.4396233723864731,0.4373307950209874,0.4229244359420543,246.56933449179985,0.0119144508679343,Healthy,train
30,26.764350039258865,0.2146589800552544,0.4620707172251991,2021-07,Kolhapur,1,7.0,709.30831198397,30,2021.0,"{""type"":""MultiPoint"",""coordinates"":[]}",0.2492155466428177,0.1906056786606583,1.1167304776964937,Healthy,0.4081751180261102,0.1560577677018976,299.2681384304086,28.34625945613904,0.7266631302422252,0.4492452458889217,0.4315837196453397,544.702201031226,-0.0410701278628115,Healthy,train
31,29.14696948000532,0.193425555863563,0.4596856224517914,2021-08,Kolhapur,1,8.0,144.6446027293313,30,2021.0,"{""type"":""MultiPoint"",""coordinates"":[]}",0.3623210703960282,0.1904494371533389,0.5112357038754115,Healthy,0.4620707172251991,0.2146589800552544,709.30831198397,26.764350039258865,1.1167304776964937,0.4081751180261102,0.439830360380077,1216.9948486413964,0.0538955991990889,Healthy,train
32,27.77275605891897,0.1829019549935043,0.4717163733443661,2021-09,Kolhapur,1,9.0,126.34383979086914,29,2021.0,"{""type"":""MultiPoint"",""coordinates"":[]}",0.4242920277152968,0.1601010654803937,0.2962150532026097,Healthy,0.4596856224517914,0.193425555863563,144.6446027293313,29.14696948000532,0.5112357038754115,0.4620707172251991,0.4433104859010335,1153.22105314371,-0.0023850947734077,Healthy,train
33,29.344282186672704,0.169447597935448,0.5643527927503793,2021-10,Kolhapur,1,10.0,105.48564710731812,37,2021.0,"{""type"":""MultiPoint"",""coordinates"":[]}",0.504455639598,0.1115309708620756,0.5370450260533541,Healthy,0.4717163733443661,0.1829019549935043,126.34383979086914,27.77275605891897,0.2962150532026097,0.4596856224517914,0.4644909043404522,980.2967545041704,0.0120307508925747,Healthy,train
34,27.72068587387025,0.1177643192434931,0.511829729114182,2021-11,Kolhapur,1,11.0,105.74699856551084,30,2021.0,"{""type"":""MultiPoint"",""coordinates"":[]}",0.5039297263243945,0.084925903279308,0.0930222992601639,Healthy,0.5643527927503793,0.169447597935448,105.48564710731812,29.344282186672704,0.5370450260533541,0.4717163733443661,0.4985849295155122,376.4740896275184,0.0926364194060131,Healthy,train
35,27.256829377368,0.0922672133662327,0.5167914916316539,2021-12,Kolhapur,1,12.0,29.19036758285367,30,2021.0,"{""type"":""MultiPoint"",""coordinates"":[]}",0.4885508811775427,0.0233514546938438,1.2093726418490025,Healthy,0.511829729114182,0.1177643192434931,105.74699856551084,27.72068587387025,0.0930222992601639,0.5643527927503793,0.5159662984029758,337.576485463698,-0.0525230636361973,Healthy,train
36,28.2111757391595,0.0282726300885465,0.4530353689010547,2022-01,Kolhapur,1,1.0,0.075304236243682,30,2022.0,"{""type"":""MultiPoint"",""coordinates"":[]}",0.4281304506247185,0.0270525456423682,0.9206127440122118,Healthy,0.5167914916316539,0.0922672133662327,29.19036758285367,27.256829377368,1.2093726418490025,0.511829729114182,0.5309913378320718,240.4230132556825,0.0049617625174719,Healthy,train
37,33.43464944893865,-0.0139544958156261,0.4192688302842914,2022-02,Kolhapur,1,2.0,0.0,30,2022.0,"{""type"":""MultiPoint"",""coordinates"":[]}",0.3957704386882839,0.0161954953300602,1.4509214517442102,Healthy,0.4530353689010547,0.0282726300885465,0.075304236243682,28.2111757391595,0.9206127440122118,0.5167914916316539,0.4938855298822969,135.01267038460807,-0.0637561227305992,Emerging Stress,train
38,36.40672063889837,0.0252027584799666,0.3208257132427,2022-03,Kolhapur,1,3.0,11.510001381551712,30,2022.0,"{""type"":""MultiPoint"",""coordinates"":[]}",0.364409053561917,0.0261848269932631,-1.6644501921066783,Emerging Stress,0.4192688302842914,-0.0139544958156261,0.0,33.43464944893865,1.4509214517442102,0.4530353689010547,0.463031896939,29.26567181909724,-0.0337665386167633,Recovery,train
39,34.85118055578571,0.0982732359457183,0.3617226702865916,2022-04,Kolhapur,1,4.0,74.51610281444978,30,2022.0,"{""type"":""MultiPoint"",""coordinates"":[]}",0.3974399856260679,0.0328081022245026,-1.0886736177260803,Recovery,0.3208257132427,0.0252027584799666,11.510001381551712,36.40672063889837,-1.6644501921066783,0.4192688302842914,0.3977099708093487,11.58530561779528,-0.0984431170415914,Emerging Stress,train
40,33.32114989241515,0.1711343567346856,0.3631436905995931,2022-05,Kolhapur,1,5.0,87.79069755721568,30,2022.0,"{""type"":""MultiPoint"",""coordinates"":[]}",0.4320198946057575,0.0391820643876533,-1.7578503093846167,Emerging Stress,0.3617226702865916,0.0982732359457183,74.51610281444978,34.85118055578571,-1.0886736177260803,0.3208257132427,0.3672724046045277,86.02610419600138,0.0408969570438916,Emerging Stress,train
41,32.32306151338106,0.172783090088407,0.2284757578452125,2022-06,Kolhapur,1,6.0,164.81884848486297,30,2022.0,"{""type"":""MultiPoint"",""coordinates"":[]}",0.3453538141813975,0.0864517562956192,-1.351945424179977,Emerging Stress,0.3631436905995931,0.1711343567346856,87.79069755721568,33.32114989241515,-1.7578503093846167,0.3617226702865916,0.3485640247096282,173.81680175321708,0.0014210203130015,Recovery,train
42,28.22810376507364,0.4629692711467572,0.0271500419963502,2022-07,Kolhapur,1,7.0,478.8158100097148,30,2022.0,"{""type"":""MultiPoint"",""coordinates"":[]}",0.2492155466428177,0.1906056786606583,-1.165051882015636,Recovery,0.2284757578452125,0.172783090088407,164.81884848486297,32.32306151338106,-1.351945424179977,0.3631436905995931,0.3177807062437991,327.1256488565283,-0.1346679327543806,Emerging Stress,train
43,27.15020275478252,0.3165720637328419,0.0578167698296408,2022-08,Kolhapur,1,8.0,310.906457422118,30,2022.0,"{""type"":""MultiPoint"",""coordinates"":[]}",0.3623210703960282,0.1904494371533389,-1.5988721474730223,Emerging Stress,0.0271500419963502,0.4629692711467572,478.8158100097148,28.22810376507364,-1.165051882015636,0.2284757578452125,0.2062564968137186,731.4253560517934,-0.2013257158488623,Emerging Stress,train
44,28.034262686025507,0.3562047219255223,0.1900149484973033,2022-09,Kolhapur,1,9.0,261.36457544739915,30,2022.0,"{""type"":""MultiPoint"",""coordinates"":[]}",0.4242920277152968,0.1601010654803937,-1.4633074334329366,Emerging Stress,0.0578167698296408,0.3165720637328419,310.906457422118,27.15020275478252,-1.5988721474730223,0.0271500419963502,0.1044808565570678,954.5411159166956,0.0306667278332905,Persistent Stress,train
45,28.003369816572484,0.2467659971667533,0.2823520909197838,2022-10,Kolhapur,1,10.0,189.6368279957551,37,2022.0,"{""type"":""MultiPoint"",""coordinates"":[]}",0.504455639598,0.1115309708620756,-1.991406933531312,Persistent Stress,0.1900149484973033,0.3562047219255223,261.36457544739915,28.034262686025507,-1.4633074334329366,0.0578167698296408,0.0916605867744314,1051.086842879232,0.1321981786676625,Recovery,train
46,28.548407114972868,0.1302690741829075,0.5094573614049357,2022-11,Kolhapur,1,11.0,10.902802069308308,32,2022.0,"{""type"":""MultiPoint"",""coordinates"":[]}",0.5039297263243945,0.084925903279308,0.0650877396306482,Recovery,0.2823520909197838,0.2467659971667533,189.6368279957551,28.003369816572484,-1.991406933531312,0.1900149484973033,0.1767279364155759,761.9078608652723,0.0923371424224805,Healthy,train
47,29.521121876410746,0.0535233801156752,0.469587937692995,2022-12,Kolhapur,1,12.0,4.169631482849465,42,2022.0,"{""type"":""MultiPoint"",""coordinates"":[]}",0.4885508811775427,0.0233514546938438,-0.8120669026048676,Healthy,0.5094573614049357,0.1302690741829075,10.902802069308308,28.548407114972868,0.0650877396306482,0.2823520909197838,0.3272748002740075,461.90420551246245,0.2271052704851519,Healthy,train
48,29.85375154393509,0.0130853836646953,0.4492646470924877,2023-01,Kolhapur,1,1.0,0.0621527603981414,35,2023.0,"{""type"":""MultiPoint"",""coordinates"":[]}",0.4281304506247185,0.0270525456423682,0.7812276429420367,Healthy,0.469587937692995,0.0535233801156752,4.169631482849465,29.521121876410746,-0.8120669026048676,0.5094573614049357,0.4204657966725715,204.7092615479128,-0.0398694237119406,Healthy,test
49,33.87430552002616,0.0014475571534614,0.3821320908881592,2023-02,Kolhapur,1,2.0,0.0,32,2023.0,"{""type"":""MultiPoint"",""coordinates"":[]}",0.3957704386882839,0.0161954953300602,-0.8421074824930337,Healthy,0.4492646470924877,0.0130853836646953,0.0621527603981414,29.85375154393509,0.7812276429420367,0.469587937692995,0.4761033153968061,15.1345863125558,-0.0203232906005073,Healthy,test
50,36.82078179520203,0.0228836954649077,0.3444062340186501,2023-03,Kolhapur,1,3.0,2.769861224871065,30,2023.0,"{""type"":""MultiPoint"",""coordinates"":[]}",0.364409053561917,0.0261848269932631,-0.7639087914697027,Healthy,0.3821320908881592,0.0014475571534614,0.0,33.87430552002616,-0.8421074824930337,0.4492646470924877,0.4336615585578806,4.231784243247493,-0.0671325562043285,Emerging Stress,test
51,38.62859192354725,0.06565821941214,0.3536624639360145,2023-04,Kolhapur,1,4.0,18.86316751207384,30,2023.0,"{""type"":""MultiPoint"",""coordinates"":[]}",0.3974399856260679,0.0328081022245026,-1.3343509292457127,Emerging Stress,0.3444062340186501,0.0228836954649077,2.769861224871065,36.82078179520203,-0.7639087914697027,0.3821320908881592,0.3919343239997656,2.832013985269093,-0.037725856869509,Recovery,test
52,37.11584628394195,0.0754777256676323,0.4149022185108827,2023-05,Kolhapur,1,5.0,37.78915335397242,30,2023.0,"{""type"":""MultiPoint"",""coordinates"":[]}",0.4320198946057575,0.0391820643876533,-0.436875299002081,Recovery,0.3536624639360145,0.06565821941214,18.86316751207384,38.62859192354725,-1.3343509292457127,0.3444062340186501,0.3600669296142746,21.63302873694479,0.0092562299173644,Healthy,test
53,32.807394952240216,0.1493358580024467,0.2694528687850536,2023-06,Kolhapur,1,6.0,76.47444411996526,30,2023.0,"{""type"":""MultiPoint"",""coordinates"":[]}",0.3453538141813975,0.0864517562956192,-0.8779572405308093,Healthy,0.4149022185108827,0.0754777256676323,37.78915335397242,37.11584628394195,-0.436875299002081,0.3536624639360145,0.3709903054885157,59.4221820909172,0.0612397545748681,Healthy,test
54,24.90002421331293,0.3760708935351318,0.0290451094894559,2023-07,Kolhapur,1,7.0,499.7212373694175,30,2023.0,"{""type"":""MultiPoint"",""coordinates"":[]}",0.2492155466428177,0.1906056786606583,-1.155109536612173,Healthy,0.2694528687850536,0.1493358580024467,76.47444411996526,32.807394952240216,-0.8779572405308093,0.4149022185108827,0.3460058504106502,133.12676498601138,-0.1454493497258291,Healthy,test
55,27.38305522528782,0.2283155799624596,0.197988402269945,2023-08,Kolhapur,1,8.0,97.69760620389438,30,2023.0,"{""type"":""MultiPoint"",""coordinates"":[]}",0.3623210703960282,0.1904494371533389,-0.8628677016974959,Healthy,0.0290451094894559,0.3760708935351318,499.7212373694175,24.90002421331293,-1.155109536612173,0.2694528687850536,0.2378000655951307,613.9848348433551,-0.2404077592955976,Healthy,test
56,27.29374798095646,0.2360782018184297,0.2587883615545199,2023-09,Kolhapur,1,9.0,126.06544427657222,30,2023.0,"{""type"":""MultiPoint"",""coordinates"":[]}",0.4242920277152968,0.1601010654803937,-1.0337449389494835,Healthy,0.197988402269945,0.2283155799624596,97.69760620389438,27.38305522528782,-0.8628677016974959,0.0290451094894559,0.1654954601814847,673.893287693277,0.168943292780489,Healthy,test
57,29.495331120128714,0.2502050082626664,0.538853816303996,2023-10,Kolhapur,1,10.0,38.08557298418143,35,2023.0,"{""type"":""MultiPoint"",""coordinates"":[]}",0.504455639598,0.1115309708620756,0.3084181590110459,Healthy,0.2587883615545199,0.2360782018184297,126.06544427657222,27.29374798095646,-1.0337449389494835,0.197988402269945,0.1619406244379735,723.4842878498839,0.0607999592845749,Emerging Stress,test
58,28.138721157952183,0.1885454535876699,0.3405530559176202,2023-11,Kolhapur,1,11.0,62.91871004998643,32,2023.0,"{""type"":""MultiPoint"",""coordinates"":[]}",0.5039297263243945,0.084925903279308,-1.923755463270776,Emerging Stress,0.538853816303996,0.2502050082626664,38.08557298418143,29.495331120128714,0.3084181590110459,0.2587883615545199,0.3318768600428203,261.84862346464786,0.2800654547494761,Emerging Stress,test
59,27.80581615349196,0.1155528513602427,0.4530726818581616,2023-12,Kolhapur,1,12.0,1.997792142873129,30,2023.0,"{""type"":""MultiPoint"",""coordinates"":[]}",0.4885508811775427,0.0233514546938438,-1.5193143118717232,Emerging Stress,0.3405530559176202,0.1885454535876699,62.91871004998643,28.138721157952183,-1.923755463270776,0.538853816303996,0.379398411258712,227.0697273107399,-0.1983007603863757,Persistent Stress,test
60,28.47248572699893,0.0559978244621773,0.3785785777422733,2024-01,Kolhapur,1,1.0,0.6097594363150871,32,2024.0,"{""type"":""MultiPoint"",""coordinates"":[]}",0.4281304506247185,0.0270525456423682,-1.831689835681848,Persistent Stress,0.4530726818581616,0.1155528513602427,1.997792142873129,27.80581615349196,-1.5193143118717232,0.3405530559176202,0.4441598513599259,103.00207517704082,0.1125196259405413,Recovery,test
61,32.81011115432274,-0.0087564540763262,0.4047308598476552,2024-02,Kolhapur,1,2.0,0.0,32,2024.0,"{""type"":""MultiPoint"",""coordinates"":[]}",0.3957704386882839,0.0161954953300602,0.553266261806766,Recovery,0.3785785777422733,0.0559978244621773,0.6097594363150871,28.47248572699893,-1.831689835681848,0.4530726818581616,0.3907347718393517,65.52626162917447,-0.0744941041158882,Healthy,test
62,36.25458342741472,-0.0108279378741614,0.3740980351995002,2024-03,Kolhapur,1,3.0,1.1599414974561637,30,2024.0,"{""type"":""MultiPoint"",""coordinates"":[]}",0.364409053561917,0.0261848269932631,0.3700227479095397,Healthy,0.4047308598476552,-0.0087564540763262,0.0,32.81011115432274,0.553266261806766,0.3785785777422733,0.4121273731493634,2.607551579188045,0.0261522821053818,Healthy,test
63,38.72993056660254,0.0169945575844567,0.4061116016472553,2024-04,Kolhapur,1,4.0,30.287268920919264,30,2024.0,"{""type"":""MultiPoint"",""coordinates"":[]}",0.3974399856260679,0.0328081022245026,0.2643132468269057,Healthy,0.3740980351995002,-0.0108279378741614,1.1599414974561637,36.25458342741472,0.3700227479095397,0.4047308598476552,0.3858024909298095,1.7697009337710805,-0.030632824648155,Healthy,test
64,34.260038410140574,0.0590581420741439,0.4608766919865222,2024-05,Kolhapur,1,5.0,101.9090677167958,30,2024.0,"{""type"":""MultiPoint"",""coordinates"":[]}",0.4320198946057575,0.0391820643876533,0.7364797601082417,Healthy,0.4061116016472553,0.0169945575844567,30.287268920919264,38.72993056660254,0.2643132468269057,0.3740980351995002,0.3949801655648036,31.447210418375256,0.0320135664477551,Healthy,test
65,30.254189601987825,0.095870439821377,0.4211546695317906,2024-06,Kolhapur,1,6.0,284.85332189199767,30,2024.0,"{""type"":""MultiPoint"",""coordinates"":[]}",0.3453538141813975,0.0864517562956192,0.8767994844569067,Healthy,0.4608766919865222,0.0590581420741439,101.9090677167958,34.260038410140574,0.7364797601082417,0.4061116016472553,0.4136954429444259,133.35627813517107,0.0547650903392669,Healthy,test
66,25.576436622892743,0.2879863810709985,0.2089822840815904,2024-07,Kolhapur,1,7.0,508.0087027000075,30,2024.0,"{""type"":""MultiPoint"",""coordinates"":[]}",0.2492155466428177,0.1906056786606583,-0.2110811327550002,Healthy,0.4211546695317906,0.095870439821377,284.85332189199767,30.254189601987825,0.8767994844569067,0.4608766919865222,0.429380987721856,417.0496585297126,-0.0397220224547316,Healthy,test
67,26.78662795395453,0.186957949660559,0.4278625779555782,2024-08,Kolhapur,1,8.0,404.6112349676599,35,2024.0,"{""type"":""MultiPoint"",""coordinates"":[]}",0.3623210703960282,0.1904494371533389,0.3441412510281126,Healthy,0.2089822840815904,0.2879863810709985,508.0087027000075,25.576436622892743,-0.2110811327550002,0.4211546695317906,0.3636712151999677,894.7710923088009,-0.2121723854502002,Healthy,test
68,26.80140529101584,0.1958346605053926,0.5804653863294384,2024-09,Kolhapur,1,9.0,179.44393796814862,32,2024.0,"{""type"":""MultiPoint"",""coordinates"":[]}",0.4242920277152968,0.1601010654803937,0.975467328374944,Healthy,0.4278625779555782,0.186957949660559,404.6112349676599,26.78662795395453,0.3441412510281126,0.2089822840815904,0.3526665105229864,1197.473259559665,0.2188802938739878,Healthy,test
69,27.501580322290568,0.1995397137446075,0.5881953945542837,2024-10,Kolhapur,1,10.0,217.29085784579007,30,2024.0,"{""type"":""MultiPoint"",""coordinates"":[]}",0.504455639598,0.1115309708620756,0.7508206403030433,Healthy,0.5804653863294384,0.1958346605053926,179.44393796814862,26.80140529101584,0.975467328374944,0.4278625779555782,0.405770082788869,1092.063875635816,0.1526028083738602,Healthy,test
70,26.125271031294712,0.1530192821195902,0.5623391182501941,2024-11,Kolhapur,1,11.0,17.002082134280926,34,2024.0,"{""type"":""MultiPoint"",""coordinates"":[]}",0.5039297263243945,0.084925903279308,0.6877688628603722,Healthy,0.5881953945542837,0.1995397137446075,217.29085784579007,27.501580322290568,0.7508206403030433,0.5804653863294384,0.5321744529464335,801.3460307815985,0.0077300082248452,Healthy,test
71,26.2010284914071,0.0570010732362837,0.4924685433739635,2024-12,Kolhapur,1,12.0,8.06172715547218,39,2024.0,"{""type"":""MultiPoint"",""coordinates"":[]}",0.4885508811775427,0.0233514546938438,0.1677695136249316,Healthy,0.5623391182501941,0.1530192821195902,17.002082134280926,26.125271031294712,0.6877688628603722,0.5881953945542837,0.576999966377972,413.7368779482195,-0.0258562763040895,Healthy,test
72,26.840762570679782,0.0205306865049361,0.44757943198164,2025-01,Kolhapur,1,1.0,1.1649661358867904,28,2025.0,"{""type"":""MultiPoint"",""coordinates"":[]}",0.4281304506247185,0.0270525456423682,0.7189335012695285,Healthy,0.4924685433739635,0.0570010732362837,8.06172715547218,26.2010284914071,0.1677695136249316,0.5623391182501941,0.5476676853928139,242.35466713554305,-0.0698705748762306,Healthy,holdout_recent
73,31.154142777496304,-0.0241282946704221,0.398476933293282,2025-02,Kolhapur,1,2.0,1.710872139539562,31,2025.0,"{""type"":""MultiPoint"",""coordinates"":[]}",0.3957704386882839,0.0161954953300602,0.1671140369491897,Healthy,0.44757943198164,0.0205306865049361,1.1649661358867904,26.840762570679782,0.7189335012695285,0.4924685433739635,0.5007956978685991,26.228775425639785,-0.0448891113923234,Healthy,holdout_recent
74,34.06273176943393,-0.015081693190467,0.3911089977605067,2025-03,Kolhapur,1,3.0,7.500467837096487,35,2025.0,"{""type"":""MultiPoint"",""coordinates"":[]}",0.364409053561917,0.0261848269932631,1.019672354736543,Healthy,0.398476933293282,-0.0241282946704221,1.710872139539562,31.154142777496304,0.1671140369491897,0.44757943198164,0.4461749695496285,10.937565430898418,-0.049102498688358,Healthy,holdout_recent
75,34.29565329547835,0.0375497972306863,0.434412363371332,2025-04,Kolhapur,1,4.0,39.11234861794946,35,2025.0,"{""type"":""MultiPoint"",""coordinates"":[]}",0.3974399856260679,0.0328081022245026,1.1269282658370678,Healthy,0.3911089977605067,-0.015081693190467,7.500467837096487,34.06273176943393,1.019672354736543,0.398476933293282,0.4123884543451429,10.376306112522728,-0.0073679355327752,Healthy,holdout_recent
76,32.57554671894039,0.0656012597667534,0.442276773857585,2025-05,Kolhapur,1,5.0,191.3832082443107,40,2025.0,"{""type"":""MultiPoint"",""coordinates"":[]}",0.4320198946057575,0.0391820643876533,0.2617748557184108,Healthy,0.434412363371332,0.0375497972306863,39.11234861794946,34.29565329547835,1.1269282658370678,0.3911089977605067,0.4079994314750402,48.32368859458539,0.0433033656108252,Healthy,holdout_recent
77,25.958747436894345,0.1640199836886502,0.4372125023188624,2025-06,Kolhapur,1,6.0,355.96887609930104,35,2025.0,"{""type"":""MultiPoint"",""coordinates"":[]}",0.3453538141813975,0.0864517562956192,1.062542764583715,Healthy,0.442276773857585,0.0656012597667534,191.3832082443107,32.57554671894039,0.2617748557184108,0.434412363371332,0.4225993783298079,237.99602469935652,0.007864410486253,Healthy,holdout_recent
78,23.29683440080429,0.2085646731679165,0.3490467107134102,2025-07,Kolhapur,1,7.0,283.8861286066842,40,2025.0,"{""type"":""MultiPoint"",""coordinates"":[]}",0.2492155466428177,0.1906056786606583,0.5237575541929432,Healthy,0.4372125023188624,0.1640199836886502,355.96887609930104,25.958747436894345,1.062542764583715,0.442276773857585,0.4379672131825931,586.4644329615611,-0.0050642715387226,Healthy,holdout_recent
79,23.329642656748625,0.1897040678843109,0.3947154413633791,2025-08,Kolhapur,1,8.0,383.8827300417343,40,2025.0,"{""type"":""MultiPoint"",""coordinates"":[]}",0.3623210703960282,0.1904494371533389,0.1700943381694994,Healthy,0.3490467107134102,0.2085646731679165,283.8861286066842,23.29683440080429,0.5237575541929432,0.4372125023188624,0.4095119956299525,831.2382129502959,-0.0881657916054521,Healthy,holdout_recent
80,24.578970943438406,0.1929634742177484,0.4645006835858781,2025-09,Kolhapur,1,9.0,177.9298974773424,44,2025.0,"{""type"":""MultiPoint"",""coordinates"":[]}",0.4242920277152968,0.1601010654803937,0.2511454608370819,Healthy,0.3947154413633791,0.1897040678843109,383.8827300417343,23.329642656748625,0.1700943381694994,0.3490467107134102,0.3936582181318839,1023.7377347477196,0.0456687306499689,Healthy,holdout_recent
81,25.85100025461307,0.1800594201451614,0.5089681417612286,2025-10,Kolhapur,1,10.0,117.44251773110716,35,2025.0,"{""type"":""MultiPoint"",""coordinates"":[]}",0.504455639598,0.1115309708620756,0.0404596331256633,Healthy,0.4645006835858781,0.1929634742177484,177.9298974773424,24.578970943438406,0.2511454608370819,0.3947154413633791,0.4027542785542224,845.6987561257608,0.0697852422224989,Healthy,holdout_recent
82,24.828104176929177,0.1393062544988591,0.564347622260671,2025-11,Kolhapur,1,11.0,17.466209604905515,40,2025.0,"{""type"":""MultiPoint"",""coordinates"":[]}",0.5039297263243945,0.084925903279308,0.7114189381957061,Healthy,0.5089681417612286,0.1800594201451614,117.44251773110716,25.85100025461307,0.0404596331256633,0.4645006835858781,0.4560614222368286,679.2551452501838,0.0444674581753505,Healthy,holdout_recent
83,23.796392980213696,0.065968786171444,0.4845628604166372,2025-12,Kolhapur,1,12.0,0.8184162641394562,37,2025.0,"{""type"":""MultiPoint"",""coordinates"":[]}",0.4885508811775427,0.0233514546938438,-0.1707825406678773,Healthy,0.564347622260671,0.1393062544988591,17.466209604905515,24.828104176929177,0.7114189381957061,0.5089681417612286,0.512605482535926,312.8386248133549,0.0553794804994424,Healthy,holdout_recent
84,24.857293222479417,0.0101290720620401,0.4173371553491766,2026-01,Kolhapur,1,1.0,0.2232285699041277,35,2026.0,"{""type"":""MultiPoint"",""coordinates"":[]}",0.4281304506247185,0.0270525456423682,-0.3989752172763374,Healthy,0.4845628604166372,0.065968786171444,0.8184162641394562,23.796392980213696,-0.1707825406678773,0.564347622260671,0.5192928748128456,135.727143600152,-0.0797847618440338,Healthy,holdout_recent
85,27.735446007811618,-0.0042048306278667,0.393558854840948,2026-02,Kolhapur,1,2.0,1.5561238439737346,30,2026.0,"{""type"":""MultiPoint"",""coordinates"":[]}",0.3957704386882839,0.0161954953300602,-0.1365554928864076,Healthy,0.4173371553491766,0.0101290720620401,0.2232285699041277,24.857293222479417,-0.3989752172763374,0.4845628604166372,0.4887492126754948,18.507854438948986,-0.0672257050674606,Healthy,holdout_recent
86,31.18505141619068,-0.004219033354474,0.4063218420391629,2026-03,Kolhapur,1,3.0,14.645893668897424,35,2026.0,"{""type"":""MultiPoint"",""coordinates"":[]}",0.364409053561917,0.0261848269932631,1.6006517242993092,Healthy,0.393558854840948,-0.0042048306278667,1.5561238439737346,27.735446007811618,-0.1365554928864076,0.4173371553491766,0.4318196235355873,2.597768678017205,-0.0237783005082286,Healthy,holdout_recent
87,33.01400108828202,0.0358858950299029,0.4541453939235031,2026-04,Kolhapur,1,4.0,32.77346469615656,40,2026.0,"{""type"":""MultiPoint"",""coordinates"":[]}",0.3974399856260679,0.0328081022245026,1.7283964768643292,Healthy,0.4063218420391629,-0.004219033354474,14.645893668897424,31.18505141619068,1.6006517242993092,0.393558854840948,0.4057392840764291,16.42524608277517,0.0127629871982148,Healthy,holdout_recent
88,31.553615569023425,0.0742956716297728,0.441573185419854,2026-05,Kolhapur,1,5.0,101.45682240528014,35,2026.0,"{""type"":""MultiPoint"",""coordinates"":[]}",0.4320198946057575,0.0391820643876533,0.2438179550617751,Healthy,0.4541453939235031,0.0358858950299029,32.77346469615656,33.01400108828202,1.7283964768643292,0.4063218420391629,0.418008696934538,48.9754822090276,0.0478235518843402,Healthy,holdout_recent
3,47.77035561479234,-0.145415844758461,0.2051764914400793,2019-04,Nagpur,1,4.0,10.160145608219752,87,2019.0,"{""type"":""MultiPoint"",""coordinates"":[]}",0.2383546067521396,0.0421430342770316,-0.7872740034322304,Healthy,0.2410827613299967,-0.1084191345719343,10.040583459993544,41.09872401359162,-1.137775371998918,0.3412028896568568,0.3154189026147998,33.313629751631176,-0.1001201283268601,Healthy,train
4,49.95883540644383,-0.1323671555313996,0.1771142044058081,2019-05,Nagpur,1,5.0,6.56741642254388,85,2019.0,"{""type"":""MultiPoint"",""coordinates"":[]}",0.2346292099072637,0.0508044264455251,-1.1320865035869634,Healthy,0.2051764914400793,-0.145415844758461,10.160145608219752,47.77035561479234,-0.7872740034322304,0.2410827613299967,0.2624873808089776,27.13485384558928,-0.0359062698899174,Healthy,train
5,46.42321903066979,-0.1447174238102093,0.1507044195481355,2019-06,Nagpur,1,6.0,120.76419949059022,86,2019.0,"{""type"":""MultiPoint"",""coordinates"":[]}",0.2043646446066329,0.0669717076286226,-0.8012372232773102,Healthy,0.1771142044058081,-0.1323671555313996,6.56741642254388,49.95883540644383,-1.1320865035869634,0.2051764914400793,0.2077911523919613,26.76814549075717,-0.0280622870342711,Healthy,train
6,37.73210898200777,0.0317312492404317,0.3511707145919692,2019-07,Nagpur,1,7.0,285.7145433426259,92,2019.0,"{""type"":""MultiPoint"",""coordinates"":[]}",0.2667959308069386,0.1842021167361364,0.4580554516965444,Healthy,0.1507044195481355,-0.1447174238102093,120.76419949059022,46.42321903066979,-0.8012372232773102,0.1771142044058081,0.1776650384646743,137.49176152135385,-0.0264097848576726,Healthy,train
7,26.42613797906849,0.1608578653963921,0.4006528406346366,2019-08,Nagpur,1,8.0,402.3024060489026,84,2019.0,"{""type"":""MultiPoint"",""coordinates"":[]}",0.3610318247365963,0.1530554709437067,0.258867034636173,Healthy,0.3511707145919692,0.0317312492404317,285.7145433426259,37.73210898200777,0.4580554516965444,0.1507044195481355,0.2263297795153042,413.04615925576,0.2004662950438337,Healthy,train
8,28.5965281850603,0.2158622760165919,0.4332835252141599,2019-09,Nagpur,1,9.0,429.7775755291541,82,2019.0,"{""type"":""MultiPoint"",""coordinates"":[]}",0.4059423004753628,0.1482926123383677,0.184373478271534,Healthy,0.4006528406346366,0.1608578653963921,402.3024060489026,26.42613797906849,0.258867034636173,0.3511707145919692,0.3008426582582471,808.7811488821187,0.0494821260426673,Healthy,train
9,30.524754802663143,0.2004733595570786,0.570360799792502,2019-10,Nagpur,1,10.0,44.86027340534869,95,2019.0,"{""type"":""MultiPoint"",""coordinates"":[]}",0.5590511633590886,0.0539279686742021,0.209717456664072,Healthy,0.4332835252141599,0.2158622760165919,429.7775755291541,28.5965281850603,0.184373478271534,0.4006528406346366,0.3950356934802552,1117.7945249206823,0.0326306845795233,Healthy,train
10,29.55450266438463,0.1482909945880788,0.5647106471990249,2019-11,Nagpur,1,11.0,6.710250989198912,87,2019.0,"{""type"":""MultiPoint"",""coordinates"":[]}",0.5096088420266999,0.0417703682818497,1.3191601472249437,Healthy,0.570360799792502,0.2004733595570786,44.86027340534869,30.524754802663143,0.209717456664072,0.4332835252141599,0.4680990552137662,876.9402549834055,0.137077274578342,Healthy,train
11,26.36159802067702,0.0826920694486594,0.4666999473019848,2019-12,Nagpur,1,12.0,14.432812383952822,91,2019.0,"{""type"":""MultiPoint"",""coordinates"":[]}",0.4432241690246712,0.0224225810993882,1.0469703810304851,Healthy,0.5647106471990249,0.1482909945880788,6.710250989198912,29.55450266438463,1.3191601472249437,0.570360799792502,0.522784990735229,481.3480999237017,-0.0056501525934771,Healthy,train
12,25.76643413997005,0.0731442560550403,0.4083445024841628,2020-01,Nagpur,1,1.0,10.192702513672064,93,2020.0,"{""type"":""MultiPoint"",""coordinates"":[]}",0.3958898818673215,0.0244644403941453,0.5090907626001477,Healthy,0.4666999473019848,0.0826920694486594,14.432812383952822,26.36159802067702,1.0469703810304851,0.5647106471990249,0.5339237980978372,66.00333677850043,-0.09801069989704,Healthy,train
13,30.163120369539595,0.0380734504824835,0.4318467505817771,2020-02,Nagpur,1,2.0,7.838905335625791,90,2020.0,"{""type"":""MultiPoint"",""coordinates"":[]}",0.3903991197571501,0.0312265681468542,1.3273194361194116,Healthy,0.4083445024841628,0.0731442560550403,10.192702513672064,25.76643413997005,0.5090907626001477,0.4666999473019848,0.4799183656617241,31.3357658868238,-0.0583554448178219,Healthy,train
14,35.76250159936468,-0.0706444462765654,0.3369201035576327,2020-03,Nagpur,1,3.0,30.830241079088204,90,2020.0,"{""type"":""MultiPoint"",""coordinates"":[]}",0.2848007818856896,0.0384241227500699,1.3564219022241215,Healthy,0.4318467505817771,0.0380734504824835,7.838905335625791,30.163120369539595,1.3273194361194116,0.4083445024841628,0.4356304001226416,32.46442023325068,0.0235022480976142,Healthy,train
15,43.79821840397732,-0.1306871294021144,0.2717197593692302,2020-04,Nagpur,1,4.0,8.832472398302114,88,2020.0,"{""type"":""MultiPoint"",""coordinates"":[]}",0.2383546067521396,0.0421430342770316,0.7917121581175488,Healthy,0.3369201035576327,-0.0706444462765654,30.830241079088204,35.76250159936468,1.3564219022241215,0.4318467505817771,0.3923704522078575,48.86184892838606,-0.0949266470241443,Healthy,train
16,46.00443963326208,-0.1319500808714157,0.227439329520333,2020-05,Nagpur,1,5.0,18.66031411583671,92,2020.0,"{""type"":""MultiPoint"",""coordinates"":[]}",0.2346292099072637,0.0508044264455251,-0.1415207471073429,Healthy,0.2717197593692302,-0.1306871294021144,8.832472398302114,43.79821840397732,0.7917121581175488,0.3369201035576327,0.3468288711695466,47.50161881301611,-0.0652003441884024,Healthy,train
17,39.99467685734157,-0.0698935508769616,0.2476277583088317,2020-06,Nagpur,1,6.0,254.1737712638837,84,2020.0,"{""type"":""MultiPoint"",""coordinates"":[]}",0.2043646446066329,0.0669717076286226,0.6459909002485811,Healthy,0.227439329520333,-0.1319500808714157,18.66031411583671,46.00443963326208,-0.1415207471073429,0.2717197593692302,0.2786930641490653,58.32302759322703,-0.0442804298488972,Healthy,train
18,32.313259794768854,0.1190768642368373,0.4316207622254065,2020-07,Nagpur,1,7.0,276.1941459609081,88,2020.0,"{""type"":""MultiPoint"",""coordinates"":[]}",0.2667959308069386,0.1842021167361364,0.8948042201630838,Healthy,0.2476277583088317,-0.0698935508769616,254.1737712638837,39.99467685734157,0.6459909002485811,0.227439329520333,0.2489289490661316,281.66655777802254,0.0201884287884987,Healthy,train
19,28.592801980435507,0.1855107050280208,0.5541554863163395,2020-08,Nagpur,1,8.0,571.694447554417,95,2020.0,"{""type"":""MultiPoint"",""coordinates"":[]}",0.3610318247365963,0.1530554709437067,1.2617886860821423,Healthy,0.4316207622254065,0.1190768642368373,276.1941459609081,32.313259794768854,0.8948042201630838,0.2476277583088317,0.3022292833515237,549.0282313406285,0.1839930039165748,Healthy,train
20,29.97972708967524,0.2027894258999601,0.5800082955617143,2020-09,Nagpur,1,9.0,159.32861502361666,85,2020.0,"{""type"":""MultiPoint"",""coordinates"":[]}",0.4059423004753628,0.1482926123383677,1.1738008545508327,Healthy,0.5541554863163395,0.1855107050280208,571.694447554417,28.592801980435507,1.2617886860821423,0.4316207622254065,0.4111346689501925,1102.0623647792088,0.1225347240909329,Healthy,train
21,30.749474511409,0.1743364331514434,0.5585116186149236,2020-10,Nagpur,1,10.0,63.903599083634994,78,2020.0,"{""type"":""MultiPoint"",""coordinates"":[]}",0.5590511633590886,0.0539279686742021,-0.0100049150270156,Healthy,0.5800082955617143,0.2027894258999601,159.32861502361666,29.97972708967524,1.1738008545508327,0.5541554863163395,0.5219281813678202,1007.2172085389416,0.0258528092453748,Healthy,train
22,30.046286501145392,0.1081747446514672,0.5167424714389524,2020-11,Nagpur,1,11.0,4.396519198436568,85,2020.0,"{""type"":""MultiPoint"",""coordinates"":[]}",0.5096088420266999,0.0417703682818497,0.1707820568906074,Healthy,0.5585116186149236,0.1743364331514434,63.903599083634994,30.749474511409,-0.0100049150270156,0.5800082955617143,0.5642251334976591,794.9266616616687,-0.0214966769467906,Healthy,train
23,28.430905694171305,0.0646758659493515,0.4616301826793687,2020-12,Nagpur,1,12.0,4.722678798952718,86,2020.0,"{""type"":""MultiPoint"",""coordinates"":[]}",0.4432241690246712,0.0224225810993882,0.8208695320629054,Healthy,0.5167424714389524,0.1081747446514672,4.396519198436568,30.046286501145392,0.1707820568906074,0.5585116186149236,0.5517541285385301,227.62873330568823,-0.0417691471759712,Healthy,train
24,28.73499553662585,0.0247130940331248,0.4146706776844663,2021-01,Nagpur,1,1.0,9.98520084132456,93,2021.0,"{""type"":""MultiPoint"",""coordinates"":[]}",0.3958898818673215,0.0244644403941453,0.7676773110101172,Healthy,0.4616301826793687,0.0646758659493515,4.722678798952718,28.430905694171305,0.8208695320629054,0.5167424714389524,0.5122947575777482,73.02279708102428,-0.0551122887595836,Healthy,train
25,34.08169362281166,-0.0208638541827022,0.370755417252902,2021-02,Nagpur,1,2.0,8.414081778435541,78,2021.0,"{""type"":""MultiPoint"",""coordinates"":[]}",0.3903991197571501,0.0312265681468542,-0.6290701690901936,Healthy,0.4146706776844663,0.0247130940331248,9.98520084132456,28.73499553662585,0.7676773110101172,0.4616301826793687,0.4643477772675957,19.104398838713845,-0.0469595049949023,Healthy,train
26,39.55330905439148,-0.1048931823086749,0.2673836599652355,2021-03,Nagpur,1,3.0,22.17794944175536,84,2021.0,"{""type"":""MultiPoint"",""coordinates"":[]}",0.2848007818856896,0.0384241227500699,-0.4532861305316963,Healthy,0.370755417252902,-0.0208638541827022,8.414081778435541,34.08169362281166,-0.6290701690901936,0.4146706776844663,0.4156854258722456,23.121961418712814,-0.0439152604315642,Healthy,train
27,44.92156354633485,-0.1404983078241445,0.2289662979314509,2021-04,Nagpur,1,4.0,5.553168845056936,89,2021.0,"{""type"":""MultiPoint"",""coordinates"":[]}",0.2383546067521396,0.0421430342770316,-0.2227724932897274,Healthy,0.2673836599652355,-0.1048931823086749,22.17794944175536,39.55330905439148,-0.4532861305316963,0.370755417252902,0.3509365849675346,40.57723206151546,-0.1033717572876665,Healthy,train
28,43.30573121969648,-0.1387318084707566,0.2100145498537476,2021-05,Nagpur,1,5.0,36.4060323214995,92,2021.0,"{""type"":""MultiPoint"",""coordinates"":[]}",0.2346292099072637,0.0508044264455251,-0.4844983355910755,Healthy,0.2289662979314509,-0.1404983078241445,5.553168845056936,44.92156354633485,-0.2227724932897274,0.2673836599652355,0.2890351250498628,36.14520006524784,-0.0384173620337846,Healthy,train
29,39.9976688724482,-0.0159181215714392,0.2883498476484262,2021-06,Nagpur,1,6.0,273.1995391352039,86,2021.0,"{""type"":""MultiPoint"",""coordinates"":[]}",0.2043646446066329,0.0669717076286226,1.2540400419161362,Healthy,0.2100145498537476,-0.1387318084707566,36.4060323214995,43.30573121969648,-0.4844983355910755,0.2289662979314509,0.2354548359168113,64.1371506083118,-0.0189517480777033,Healthy,train
30,35.65790781912391,0.0826870320156132,0.4204781668930151,2021-07,Nagpur,1,7.0,306.74227729336553,84,2021.0,"{""type"":""MultiPoint"",""coordinates"":[]}",0.2667959308069386,0.1842021167361364,0.8343130839599486,Healthy,0.2883498476484262,-0.0159181215714392,273.1995391352039,39.9976688724482,1.2540400419161362,0.2100145498537476,0.2424435651445415,315.1587403017604,0.0783352977946786,Healthy,train
31,30.338416831772868,0.1597238378230326,0.4533842455774227,2021-08,Nagpur,1,8.0,219.6392749432603,93,2021.0,"{""type"":""MultiPoint"",""coordinates"":[]}",0.3610318247365963,0.1530554709437067,0.6033918308924306,Healthy,0.4204781668930151,0.0826870320156132,306.74227729336553,35.65790781912391,0.8343130839599486,0.2883498476484262,0.3062808547983963,616.347848750069,0.1321283192445889,Healthy,train
32,29.65702763738924,0.1861278641979793,0.4864385629278858,2021-09,Nagpur,1,9.0,352.99531590884254,86,2021.0,"{""type"":""MultiPoint"",""coordinates"":[]}",0.4059423004753628,0.1482926123383677,0.5428204492672232,Healthy,0.4533842455774227,0.1597238378230326,219.6392749432603,30.338416831772868,0.6033918308924306,0.4204781668930151,0.387404086706288,799.5810913718298,0.0329060786844075,Healthy,train
33,30.789400764514856,0.183459934900552,0.5933543654307111,2021-10,Nagpur,1,10.0,50.660518539094646,86,2021.0,"{""type"":""MultiPoint"",""coordinates"":[]}",0.5590511633590886,0.0539279686742021,0.6360929757777497,Healthy,0.4864385629278858,0.1861278641979793,352.99531590884254,29.65702763738924,0.5428204492672232,0.4533842455774227,0.4534336584661078,879.3768681454683,0.0330543173504631,Healthy,train
34,29.3471165656384,0.085750795520447,0.4857573630020194,2021-11,Nagpur,1,11.0,8.530712648173969,77,2021.0,"{""type"":""MultiPoint"",""coordinates"":[]}",0.5096088420266999,0.0417703682818497,-0.5710143339828909,Healthy,0.5933543654307111,0.183459934900552,50.660518539094646,30.789400764514856,0.6360929757777497,0.4864385629278858,0.5110590579786732,623.2951093911973,0.1069158025028252,Healthy,train
35,26.784076943323992,0.0554617848797774,0.4506603700585618,2021-12,Nagpur,1,12.0,7.034182878779189,77,2021.0,"{""type"":""MultiPoint"",""coordinates"":[]}",0.4432241690246712,0.0224225810993882,0.3316389402687187,Healthy,0.4857573630020194,0.085750795520447,8.530712648173969,29.3471165656384,-0.5710143339828909,0.5933543654307111,0.5218500971202055,412.1865470961111,-0.1075970024286916,Healthy,train
36,25.464834664665588,0.0382828750789001,0.4094935909989324,2022-01,Nagpur,1,1.0,26.839003910976505,92,2022.0,"{""type"":""MultiPoint"",""coordinates"":[]}",0.3958898818673215,0.0244644403941453,0.5560605071050975,Healthy,0.4506603700585618,0.0554617848797774,7.034182878779189,26.784076943323992,0.3316389402687187,0.4857573630020194,0.5099240328304308,66.2254140660478,-0.0350969929434575,Healthy,train
37,31.065172289069,0.0462910900727684,0.4039286706245147,2022-02,Nagpur,1,2.0,15.594775520202145,78,2022.0,"{""type"":""MultiPoint"",""coordinates"":[]}",0.3903991197571501,0.0312265681468542,0.4332705023407312,Healthy,0.4094935909989324,0.0382828750789001,26.839003910976505,25.464834664665588,0.5560605071050975,0.4506603700585618,0.4486371080198378,42.40389943792967,-0.0411667790596294,Healthy,train
38,40.7564855925074,-0.0857599920598913,0.3096501290085413,2022-03,Nagpur,1,3.0,8.976271957890464,84,2022.0,"{""type"":""MultiPoint"",""coordinates"":[]}",0.2848007818856896,0.0384241227500699,0.6467121522717495,Healthy,0.4039286706245147,0.0462910900727684,15.594775520202145,31.065172289069,0.4332705023407312,0.4094935909989324,0.4213608772273363,49.46796230995784,-0.0055649203744176,Healthy,train
39,44.27674960880302,-0.1191647443024952,0.2200884197196315,2022-04,Nagpur,1,4.0,2.6241064627738644,85,2022.0,"{""type"":""MultiPoint"",""coordinates"":[]}",0.2383546067521396,0.0421430342770316,-0.4334331247350037,Healthy,0.3096501290085413,-0.0857599920598913,8.976271957890464,40.7564855925074,0.6467121522717495,0.4039286706245147,0.3743574635439961,51.41005138906911,-0.0942785416159734,Healthy,train
40,42.77455518460662,-0.0955516431040974,0.2054391299750755,2022-05,Nagpur,1,5.0,11.59267737620256,91,2022.0,"{""type"":""MultiPoint"",""coordinates"":[]}",0.2346292099072637,0.0508044264455251,-0.5745578087273008,Healthy,0.2200884197196315,-0.1191647443024952,2.6241064627738644,44.27674960880302,-0.4334331247350037,0.3096501290085413,0.3112224064508959,27.195153940866472,-0.0895617092889097,Emerging Stress,train
41,42.78454637732733,0.0432400825485206,0.1098794919284766,2022-06,Nagpur,1,6.0,218.6559573443496,84,2022.0,"{""type"":""MultiPoint"",""coordinates"":[]}",0.2043646446066329,0.0669717076286226,-1.4108219130696746,Emerging Stress,0.2054391299750755,-0.0955516431040974,11.59267737620256,42.77455518460662,-0.5745578087273008,0.2200884197196315,0.2450592262344161,23.19305579686689,-0.014649289744556,Emerging Stress,train
42,30.551499464671885,0.3364669216849483,0.0236295173787049,2022-07,Nagpur,1,7.0,572.9101137420862,84,2022.0,"{""type"":""MultiPoint"",""coordinates"":[]}",0.2667959308069386,0.1842021167361364,-1.3201065098321407,Emerging Stress,0.1098794919284766,0.0432400825485206,218.6559573443496,42.78454637732733,-1.4108219130696746,0.2054391299750755,0.1784690138743945,232.872741183326,-0.0955596380465989,Recovery,train
43,29.54852438464451,0.2521445686960562,0.1758015002085352,2022-08,Nagpur,1,8.0,469.3012949839842,93,2022.0,"{""type"":""MultiPoint"",""coordinates"":[]}",0.3610318247365963,0.1530554709437067,-1.2102169454379597,Recovery,0.0236295173787049,0.3364669216849483,572.9101137420862,30.551499464671885,-1.3201065098321407,0.1098794919284766,0.1129827130940856,803.1587484626384,-0.0862499745497717,Healthy,train
44,30.0610099138957,0.2285069209441977,0.2262710182136884,2022-09,Nagpur,1,9.0,307.68756796003896,84,2022.0,"{""type"":""MultiPoint"",""coordinates"":[]}",0.4059423004753628,0.1482926123383677,-1.2115996840874863,Healthy,0.1758015002085352,0.2521445686960562,469.3012949839842,29.54852438464451,-1.2102169454379597,0.0236295173787049,0.1031035031719055,1260.86736607042,0.1521719828298303,Emerging Stress,train
45,29.309109981097635,0.2010531875737995,0.4542754160272505,2022-10,Nagpur,1,10.0,129.39520062057773,85,2022.0,"{""type"":""MultiPoint"",""coordinates"":[]}",0.5590511633590886,0.0539279686742021,-1.942883255344276,Emerging Stress,0.2262710182136884,0.2285069209441977,307.68756796003896,30.0610099138957,-1.2115996840874863,0.1758015002085352,0.1419006786003095,1349.898976686109,0.0504695180051532,Recovery,train
46,28.498290946177946,0.1410492944870901,0.530791881339944,2022-11,Nagpur,1,11.0,1.3212305469267147,87,2022.0,"{""type"":""MultiPoint"",""coordinates"":[]}",0.5096088420266999,0.0417703682818497,0.5071307767819881,Recovery,0.4542754160272505,0.2010531875737995,129.39520062057773,29.309109981097635,-1.942883255344276,0.2262710182136884,0.285449311483158,906.3840635646008,0.2280043978135621,Healthy,train
47,27.75122478857692,0.0708267233358075,0.4492160036473082,2022-12,Nagpur,1,12.0,7.204646510316508,87,2022.0,"{""type"":""MultiPoint"",""coordinates"":[]}",0.4432241690246712,0.0224225810993882,0.2672232334037753,Healthy,0.530791881339944,0.1410492944870901,1.3212305469267147,28.498290946177946,0.5071307767819881,0.4542754160272505,0.4037794385269609,438.4039991275434,0.0765164653126935,Healthy,train
48,27.00096183177308,0.0565828980737593,0.4138977615202225,2023-01,Nagpur,1,1.0,7.606575950081767,97,2023.0,"{""type"":""MultiPoint"",""coordinates"":[]}",0.3958898818673215,0.0244644403941453,0.7360838573364837,Healthy,0.4492160036473082,0.0708267233358075,7.204646510316508,27.75122478857692,0.2672232334037753,0.530791881339944,0.4780944336715009,137.92107767782096,-0.0815758776926358,Healthy,test
49,32.638796205139066,0.0043331142077036,0.4033432278665282,2023-02,Nagpur,1,2.0,6.4079549958115045,78,2023.0,"{""type"":""MultiPoint"",""coordinates"":[]}",0.3903991197571501,0.0312265681468542,0.4145222763034272,Healthy,0.4138977615202225,0.0565828980737593,7.606575950081767,27.00096183177308,0.7360838573364837,0.4492160036473082,0.4646352155024916,16.13245300732499,-0.0353182421270856,Healthy,test
50,37.56118481501756,-0.0389733852181303,0.2476591956606467,2023-03,Nagpur,1,3.0,17.17493099986851,84,2023.0,"{""type"":""MultiPoint"",""coordinates"":[]}",0.2848007818856896,0.0384241227500699,-0.966621579538216,Healthy,0.4033432278665282,0.0043331142077036,6.4079549958115045,32.638796205139066,0.4145222763034272,0.4138977615202225,0.4221523310113529,21.219177456209778,-0.0105545336536942,Healthy,test
51,40.26292157454901,-0.0523985015872702,0.1979259349772188,2023-04,Nagpur,1,4.0,41.025400967470375,84,2023.0,"{""type"":""MultiPoint"",""coordinates"":[]}",0.2383546067521396,0.0421430342770316,-0.9593203827982296,Healthy,0.2476591956606467,-0.0389733852181303,17.17493099986851,37.56118481501756,-0.966621579538216,0.4033432278665282,0.3549667283491324,31.18946194576178,-0.1556840322058815,Healthy,test
52,41.81733295155635,-0.023263354866752,0.2708018811967407,2023-05,Nagpur,1,5.0,24.841279596236323,90,2023.0,"{""type"":""MultiPoint"",""coordinates"":[]}",0.2346292099072637,0.0508044264455251,0.7119984186469049,Healthy,0.1979259349772188,-0.0523985015872702,41.025400967470375,40.26292157454901,-0.9593203827982296,0.2476591956606467,0.2829761195014645,64.60828696315039,-0.0497332606834279,Healthy,test
53,42.821760799444014,0.0432274981845373,0.1876504306974429,2023-06,Nagpur,1,6.0,147.6704167944899,84,2023.0,"{""type"":""MultiPoint"",""coordinates"":[]}",0.2043646446066329,0.0669717076286226,-0.2495712667485678,Healthy,0.2708018811967407,-0.023263354866752,24.841279596236323,41.81733295155635,0.7119984186469049,0.1979259349772188,0.2387956706115354,83.0416115635752,0.0728759462195219,Healthy,test
54,32.528926876755705,0.207692697393223,0.0457590260770114,2023-07,Nagpur,1,7.0,534.4797534787542,84,2023.0,"{""type"":""MultiPoint"",""coordinates"":[]}",0.2667959308069386,0.1842021167361364,-1.199969406684698,Healthy,0.1876504306974429,0.0432274981845373,147.6704167944899,42.821760799444014,-0.2495712667485678,0.2708018811967407,0.2187927489571341,213.5370973581966,-0.0831514504992978,Healthy,test
55,29.88401198258597,0.1571577113042575,0.1778670102228841,2023-08,Nagpur,1,8.0,175.03900060845237,90,2023.0,"{""type"":""MultiPoint"",""coordinates"":[]}",0.3610318247365963,0.1530554709437067,-1.196721772729572,Healthy,0.0457590260770114,0.207692697393223,534.4797534787542,32.528926876755705,-1.199969406684698,0.1876504306974429,0.1680704459903983,706.9914498694804,-0.1418914046204314,Healthy,test
56,29.09539689304907,0.2775648094327274,0.2226901874795479,2023-09,Nagpur,1,9.0,356.6220887154021,84,2023.0,"{""type"":""MultiPoint"",""coordinates"":[]}",0.4059423004753628,0.1482926123383677,-1.2357467449401869,Healthy,0.1778670102228841,0.1571577113042575,175.03900060845237,29.88401198258597,-1.196721772729572,0.0457590260770114,0.1370921556657794,857.1891708816966,0.1321079841458727,Healthy,test
57,30.69690590200846,0.1883432668973922,0.6043307999675779,2023-10,Nagpur,1,10.0,8.281083573863254,87,2023.0,"{""type"":""MultiPoint"",""coordinates"":[]}",0.5590511633590886,0.0539279686742021,0.8396317851695759,Healthy,0.2226901874795479,0.2775648094327274,356.6220887154021,29.09539689304907,-1.2357467449401869,0.1778670102228841,0.1487720745931477,1066.1408428026089,0.0448231772566638,Emerging Stress,test
58,28.942916303749016,0.148213518319423,0.4421093460958103,2023-11,Nagpur,1,11.0,26.26729760793868,91,2023.0,"{""type"":""MultiPoint"",""coordinates"":[]}",0.5096088420266999,0.0417703682818497,-1.6159660234602191,Emerging Stress,0.6043307999675779,0.1883432668973922,8.281083573863254,30.69690590200846,0.8396317851695759,0.2226901874795479,0.3349626658900033,539.9421728977178,0.3816406124880299,Recovery,test
59,25.247177687596366,0.0920795909447957,0.4168301139680003,2023-12,Nagpur,1,12.0,5.9316734454342335,87,2023.0,"{""type"":""MultiPoint"",""coordinates"":[]}",0.4432241690246712,0.0224225810993882,-1.1771193931545658,Recovery,0.4421093460958103,0.148213518319423,26.26729760793868,28.942916303749016,-1.6159660234602191,0.6043307999675779,0.423043444514312,391.170469897204,-0.1622214538717675,Healthy,test
60,25.57548435758224,0.0712818364825088,0.3649617016585991,2024-01,Nagpur,1,1.0,8.910083964257279,93,2024.0,"{""type"":""MultiPoint"",""coordinates"":[]}",0.3958898818673215,0.0244644403941453,-1.264209591980852,Healthy,0.4168301139680003,0.0920795909447957,5.9316734454342335,25.247177687596366,-1.1771193931545658,0.4421093460958103,0.4877567533437961,40.48005462723617,-0.02527923212781,Healthy,test
61,30.18398870088524,-0.0197400008477036,0.3913177625603217,2024-02,Nagpur,1,2.0,12.957043253222942,80,2024.0,"{""type"":""MultiPoint"",""coordinates"":[]}",0.3903991197571501,0.0312265681468542,0.0294186283568325,Healthy,0.3649617016585991,0.0712818364825088,8.910083964257279,25.57548435758224,-1.264209591980852,0.4168301139680003,0.4079670539074699,41.10905501763019,-0.0518684123094012,Healthy,test
62,36.82509385502725,-0.1049118665628587,0.3061088417920847,2024-03,Nagpur,1,3.0,20.91657586067265,93,2024.0,"{""type"":""MultiPoint"",""coordinates"":[]}",0.2848007818856896,0.0384241227500699,0.5545490275729525,Healthy,0.3913177625603217,-0.0197400008477036,12.957043253222942,30.18398870088524,0.0294186283568325,0.3649617016585991,0.391036526062307,27.79880066291445,0.0263560609017226,Healthy,test
63,39.15202806780388,-0.1057243472259744,0.3062507370752274,2024-04,Nagpur,1,4.0,36.27674033760945,84,2024.0,"{""type"":""MultiPoint"",""coordinates"":[]}",0.2383546067521396,0.0421430342770316,1.6110878461376426,Healthy,0.3061088417920847,-0.1049118665628587,20.91657586067265,36.82509385502725,0.5545490275729525,0.3913177625603217,0.3541294353370018,42.78370307815287,-0.085208920768237,Healthy,test
64,38.31495284852914,-0.0600542944296013,0.3169661644918778,2024-05,Nagpur,1,5.0,22.64677750852455,84,2024.0,"{""type"":""MultiPoint"",""coordinates"":[]}",0.2346292099072637,0.0508044264455251,1.6206649763657792,Healthy,0.3062507370752274,-0.1057243472259744,36.27674033760945,39.15202806780388,1.6110878461376426,0.3061088417920847,0.3345591138092113,70.15035945150504,0.0001418952831426,Healthy,test
65,40.59049504328964,-0.0583953497693988,0.2419759195084851,2024-06,Nagpur,1,6.0,169.3914277745296,84,2024.0,"{""type"":""MultiPoint"",""coordinates"":[]}",0.2043646446066329,0.0669717076286226,0.5615994609308369,Healthy,0.3169661644918778,-0.0600542944296013,22.64677750852455,38.31495284852914,1.6206649763657792,0.3062507370752274,0.3097752477863966,79.84009370680666,0.0107154274166504,Healthy,test
66,26.693380961629074,0.1336064881831143,0.3281173976755243,2024-07,Nagpur,1,7.0,397.7112803746302,93,2024.0,"{""type"":""MultiPoint"",""coordinates"":[]}",0.2667959308069386,0.1842021167361364,0.3329031606972611,Healthy,0.2419759195084851,-0.0583953497693988,169.3914277745296,40.59049504328964,0.5615994609308369,0.3169661644918778,0.2883976070251967,228.3149456206636,-0.0749902449833927,Healthy,test
67,27.57256083001065,0.1553686215371358,0.40432986545976,2024-08,Nagpur,1,8.0,275.4262005013011,94,2024.0,"{""type"":""MultiPoint"",""coordinates"":[]}",0.3610318247365963,0.1530554709437067,0.2828911665567878,Healthy,0.3281173976755243,0.1336064881831143,397.7112803746302,26.693380961629074,0.3329031606972611,0.2419759195084851,0.2956864938919624,589.7494856576843,0.0861414781670391,Healthy,test
68,29.1612149605262,0.1846290139339231,0.486962213455181,2024-09,Nagpur,1,9.0,238.99617024841203,76,2024.0,"{""type"":""MultiPoint"",""coordinates"":[]}",0.4059423004753628,0.1482926123383677,0.5463516469380845,Healthy,0.40432986545976,0.1553686215371358,275.4262005013011,27.57256083001065,0.2828911665567878,0.3281173976755243,0.3248077275479231,842.5289086504608,0.0762124677842357,Healthy,test
69,29.65343317418804,0.1909509285965761,0.5734739803215659,2024-10,Nagpur,1,10.0,46.146203846133744,84,2024.0,"{""type"":""MultiPoint"",""coordinates"":[]}",0.5590511633590886,0.0539279686742021,0.2674459527598878,Healthy,0.486962213455181,0.1846290139339231,238.99617024841203,29.1612149605262,0.5463516469380845,0.40432986545976,0.4064698255301551,912.1336511243431,0.0826323479954209,Healthy,test
70,27.165326482210485,0.1332698182181228,0.5175413430844482,2024-11,Nagpur,1,11.0,3.9384647483095714,92,2024.0,"{""type"":""MultiPoint"",""coordinates"":[]}",0.5096088420266999,0.0417703682818497,0.1899073765455693,Healthy,0.5734739803215659,0.1909509285965761,46.146203846133744,29.65343317418804,0.2674459527598878,0.486962213455181,0.4882553530788356,560.5685745958468,0.0865117668663849,Healthy,test
71,25.378963418846947,0.0676842484237696,0.4143083964928041,2024-12,Nagpur,1,12.0,6.296889286015226,110,2024.0,"{""type"":""MultiPoint"",""coordinates"":[]}",0.4432241690246712,0.0224225810993882,-1.289582693611309,Healthy,0.5175413430844482,0.1332698182181228,3.9384647483095714,27.165326482210485,0.1899073765455693,0.5734739803215659,0.5259925122870651,289.08083884285537,-0.0559326372371177,Healthy,test
72,25.55648413765984,0.0345492100540564,0.4481863661534248,2025-01,Nagpur,1,1.0,8.414750448252914,85,2025.0,"{""type"":""MultiPoint"",""coordinates"":[]}",0.3958898818673215,0.0244644403941453,2.1376529952681214,Healthy,0.4143083964928041,0.0676842484237696,6.296889286015226,25.378963418846947,-1.289582693611309,0.5175413430844482,0.5017745732996061,56.381557880458544,-0.1032329465916441,Healthy,holdout_recent
73,30.843478121894897,-0.0343912530296374,0.381515671942087,2025-02,Nagpur,1,2.0,6.656391813424057,78,2025.0,"{""type"":""MultiPoint"",""coordinates"":[]}",0.3903991197571501,0.0312265681468542,-0.2844836414070679,Healthy,0.4481863661534248,0.0345492100540564,8.414750448252914,25.55648413765984,2.1376529952681214,0.4143083964928041,0.460012035243559,18.65010448257771,0.0338779696606206,Healthy,holdout_recent
74,36.70298769149956,-0.0931120432756856,0.266083760124815,2025-03,Nagpur,1,3.0,9.077604997652552,105,2025.0,"{""type"":""MultiPoint"",""coordinates"":[]}",0.2848007818856896,0.0384241227500699,-0.4871164367920556,Healthy,0.381515671942087,-0.0343912530296374,6.656391813424057,30.843478121894897,-0.2844836414070679,0.4481863661534248,0.4146701448627719,21.3680315476922,-0.0666706942113377,Healthy,holdout_recent
75,40.85737897323479,-0.1277382719886849,0.2263634969136101,2025-04,Nagpur,1,4.0,9.639048067411473,106,2025.0,"{""type"":""MultiPoint"",""coordinates"":[]}",0.2383546067521396,0.0421430342770316,-0.2845336137807442,Healthy,0.266083760124815,-0.0931120432756856,9.077604997652552,36.70298769149956,-0.4871164367920556,0.381515671942087,0.365261932740109,24.14874725932952,-0.115431911817272,Healthy,holdout_recent
76,38.08339098418199,-0.1201906278087276,0.2294983745132414,2025-05,Nagpur,1,5.0,57.77581291315644,98,2025.0,"{""type"":""MultiPoint"",""coordinates"":[]}",0.2346292099072637,0.0508044264455251,-0.1009918968285939,Healthy,0.2263634969136101,-0.1277382719886849,9.639048067411473,40.85737897323479,-0.2845336137807442,0.266083760124815,0.2913209763268373,25.37304487848808,-0.0397202632112048,Healthy,holdout_recent
77,37.23451307788945,-0.0488840575366072,0.272010507255657,2025-06,Nagpur,1,6.0,138.50795838418142,102,2025.0,"{""type"":""MultiPoint"",""coordinates"":[]}",0.2043646446066329,0.0669717076286226,1.0100662659542703,Healthy,0.2294983745132414,-0.1201906278087276,57.77581291315644,38.08339098418199,-0.1009918968285939,0.2263634969136101,0.2406485438505554,76.49246597822047,0.0031348775996312,Healthy,holdout_recent
78,29.330894393593763,0.0937379649178916,0.2808221617875439,2025-07,Nagpur,1,7.0,431.71966962788304,113,2025.0,"{""type"":""MultiPoint"",""coordinates"":[]}",0.2667959308069386,0.1842021167361364,0.0761458729635415,Healthy,0.272010507255657,-0.0488840575366072,138.50795838418142,37.23451307788945,1.0100662659542703,0.2294983745132414,0.2426241262275028,205.92281936474933,0.0425121327424156,Healthy,holdout_recent
79,28.21762926007506,0.146902125765468,0.3988155225588398,2025-08,Nagpur,1,8.0,347.4986323572825,103,2025.0,"{""type"":""MultiPoint"",""coordinates"":[]}",0.3610318247365963,0.1530554709437067,0.2468627719693876,Healthy,0.2808221617875439,0.0937379649178916,431.71966962788304,29.330894393593763,0.0761458729635415,0.272010507255657,0.2607770145188141,628.003440925221,0.0088116545318868,Healthy,holdout_recent
80,27.98711789668573,0.1858668634868856,0.4715811078344383,2025-09,Nagpur,1,9.0,256.1040792748358,95,2025.0,"{""type"":""MultiPoint"",""coordinates"":[]}",0.4059423004753628,0.1482926123383677,0.4426303261102692,Healthy,0.3988155225588398,0.146902125765468,347.4986323572825,28.21762926007506,0.2468627719693876,0.2808221617875439,0.3172160638673468,917.726260369347,0.1179933607712959,Healthy,holdout_recent
81,28.015347088256625,0.1997514219866776,0.5894232880811919,2025-10,Nagpur,1,10.0,121.25176732774312,107,2025.0,"{""type"":""MultiPoint"",""coordinates"":[]}",0.5590511633590886,0.0539279686742021,0.5631980115103551,Healthy,0.4715811078344383,0.1858668634868856,256.1040792748358,27.98711789668573,0.4426303261102692,0.3988155225588398,0.3837395973936073,1035.3223812600013,0.0727655852755985,Healthy,holdout_recent
82,24.244321194369025,0.1740578212932118,0.5754523341166105,2025-11,Nagpur,1,11.0,20.925833641265204,113,2025.0,"{""type"":""MultiPoint"",""coordinates"":[]}",0.5096088420266999,0.0417703682818497,1.5763206023376444,Healthy,0.5894232880811919,0.1997514219866776,121.25176732774312,28.015347088256625,0.5631980115103551,0.4715811078344383,0.4866066394914899,724.8544789598615,0.1178421802467536,Healthy,holdout_recent
83,21.822425620755897,0.1048015791985138,0.5209243908524243,2025-12,Nagpur,1,12.0,3.993055851378876,107,2025.0,"{""type"":""MultiPoint"",""coordinates"":[]}",0.4432241690246712,0.0224225810993882,3.465266620437054,Healthy,0.5754523341166105,0.1740578212932118,20.925833641265204,24.244321194369025,1.5763206023376444,0.5894232880811919,0.5454855766774136,398.2816802438441,-0.0139709539645814,Healthy,holdout_recent
84,22.374712825745444,0.0657738252286227,0.4632739087382229,2026-01,Nagpur,1,1.0,16.047502029830262,100,2026.0,"{""type"":""MultiPoint"",""coordinates"":[]}",0.3958898818673215,0.0244644403941453,2.754366165147484,Healthy,0.5209243908524243,0.1048015791985138,3.993055851378876,21.822425620755897,3.465266620437054,0.5754523341166105,0.5619333376834089,146.1706568203872,-0.0545279432641861,Healthy,holdout_recent
85,27.06248221685333,0.0153745504668905,0.4157528959224794,2026-02,Nagpur,1,2.0,11.149362245548971,79,2026.0,"{""type"":""MultiPoint"",""coordinates"":[]}",0.3903991197571501,0.0312265681468542,0.8119296378037434,Healthy,0.4632739087382229,0.0657738252286227,16.047502029830262,22.374712825745444,2.754366165147484,0.5209243908524243,0.5198835445690858,40.96639152247434,-0.0576504821142013,Healthy,holdout_recent
86,34.12001627599065,-0.071983277901156,0.311558116332296,2026-03,Nagpur,1,3.0,19.98291559909879,126,2026.0,"{""type"":""MultiPoint"",""coordinates"":[]}",0.2848007818856896,0.0384241227500699,0.6963681284449796,Healthy,0.4157528959224794,0.0153745504668905,11.149362245548971,27.06248221685333,0.8119296378037434,0.4632739087382229,0.4666503985043754,31.18992012675811,-0.0475210128157435,Healthy,holdout_recent
87,39.292273443833736,-0.1210872366018725,0.242639380351556,2026-04,Nagpur,1,4.0,19.21861254113296,117,2026.0,"{""type"":""MultiPoint"",""coordinates"":[]}",0.2383546067521396,0.0421430342770316,0.1016721665376515,Healthy,0.311558116332296,-0.071983277901156,19.98291559909879,34.12001627599065,0.6963681284449796,0.4157528959224794,0.3968616403309994,47.17977987447802,-0.1041947795901833,Healthy,holdout_recent
88,39.10018371053345,-0.1238492693941558,0.212426854213908,2026-05,Nagpur,1,5.0,27.046442673286933,102,2026.0,"{""type"":""MultiPoint"",""coordinates"":[]}",0.2346292099072637,0.0508044264455251,-0.4370161666358372,Healthy,0.242639380351556,-0.1210872366018725,19.21861254113296,39.292273443833736,0.1016721665376515,0.311558116332296,0.3233167975354437,50.35089038578072,-0.06891873598074,Healthy,holdout_recent
3,45.44401465604473,-0.0504247039401789,0.2520500098738545,2019-04,Pune_Baramati,1,4.0,7.421452857259333,55,2019.0,"{""type"":""MultiPoint"",""coordinates"":[]}",0.2650395004903309,0.0259988393124701,-0.4996180968065792,Healthy,0.263571513131203,-0.0360574504527984,0.0,42.56800743366793,-0.4655600685731221,0.2900047559463604,0.292147502486456,0.0546797219077287,-0.0264332428151574,Healthy,train
4,45.22699903493918,-0.0393387016511828,0.2430105155157624,2019-05,Pune_Baramati,1,5.0,0.1036993480677814,55,2019.0,"{""type"":""MultiPoint"",""coordinates"":[]}",0.2679532831415513,0.0307025664077631,-0.8124000871628154,Healthy,0.2520500098738545,-0.0504247039401789,7.421452857259333,45.44401465604473,-0.4996180968065792,0.263571513131203,0.268542092983806,7.475414624245512,-0.0115215032573484,Healthy,train
5,38.83682130305392,-0.0360597166908954,0.1843272959486477,2019-06,Pune_Baramati,1,6.0,164.72106523474775,57,2019.0,"{""type"":""MultiPoint"",""coordinates"":[]}",0.2484513474172383,0.082154023648494,-0.7805345206578462,Healthy,0.2430105155157624,-0.0393387016511828,0.1036993480677814,45.22699903493918,-0.8124000871628154,0.2520500098738545,0.2528773461736066,7.525152205327115,-0.0090394943580921,Healthy,train
6,32.46441580145481,0.0703021870046697,0.3236074507926658,2019-07,Pune_Baramati,1,7.0,345.3969307184776,56,2019.0,"{""type"":""MultiPoint"",""coordinates"":[]}",0.2456397907400507,0.1587166093986481,0.4912381908107919,Healthy,0.1843272959486477,-0.0360597166908954,164.72106523474775,38.83682130305392,-0.7805345206578462,0.2430105155157624,0.2264626071127548,172.24621744007487,-0.0586832195671147,Healthy,train
7,30.8959396747745,0.1141187863546043,0.3700390563305765,2019-08,Pune_Baramati,1,8.0,129.05747355161623,57,2019.0,"{""type"":""MultiPoint"",""coordinates"":[]}",0.278281539074985,0.137000791959205,0.6697590279836797,Healthy,0.3236074507926658,0.0703021870046697,345.3969307184776,32.46441580145481,0.4912381908107919,0.1843272959486477,0.2503150874190252,510.2216953012932,0.1392801548440181,Healthy,train
8,31.120673280337407,0.1126269374811822,0.4031943425625997,2019-09,Pune_Baramati,1,9.0,334.609965725404,55,2019.0,"{""type"":""MultiPoint"",""coordinates"":[]}",0.3385222687634342,0.1212913855966667,0.5331959353999065,Healthy,0.3700390563305765,0.1141187863546043,129.05747355161623,30.8959396747745,0.6697590279836797,0.3236074507926658,0.2926579343572966,639.1754695048417,0.0464316055379107,Healthy,train
9,29.13823870012824,0.1526966634697915,0.4653656558980368,2019-10,Pune_Baramati,1,10.0,196.96988998746585,51,2019.0,"{""type"":""MultiPoint"",""coordinates"":[]}",0.4421638576614109,0.0863258063965572,0.2687701303367284,Healthy,0.4031943425625997,0.1126269374811822,334.609965725404,31.120673280337407,0.5331959353999065,0.3700390563305765,0.3656136165619473,809.0643699954978,0.0331552862320231,Healthy,train
10,29.557815434076385,0.1223271899244771,0.4586642283499938,2019-11,Pune_Baramati,1,11.0,40.17335842176219,58,2019.0,"{""type"":""MultiPoint"",""coordinates"":[]}",0.4209936525107268,0.0740138848399092,0.5089663367994781,Healthy,0.4653656558980368,0.1526966634697915,196.96988998746585,29.13823870012824,0.2687701303367284,0.4031943425625997,0.4128663515970709,660.6373292644861,0.0621713133354371,Healthy,train
11,29.185837170253595,0.0564822969918517,0.4008748282583387,2019-12,Pune_Baramati,1,12.0,3.081531453843682,69,2019.0,"{""type"":""MultiPoint"",""coordinates"":[]}",0.3989519857628239,0.0198531323603099,0.0968533559650711,Healthy,0.4586642283499938,0.1223271899244771,40.17335842176219,29.557815434076385,0.5089663367994781,0.4653656558980368,0.4424080756035434,571.753214134632,-0.0067014275480429,Healthy,train
12,29.55416050796756,0.0288418112345655,0.3584518551557215,2020-01,Pune_Baramati,1,1.0,0.0007179564108534,60,2020.0,"{""type"":""MultiPoint"",""coordinates"":[]}",0.3469626313519308,0.020366095229241,0.564134836573621,Healthy,0.4008748282583387,0.0564822969918517,3.081531453843682,29.185837170253595,0.0968533559650711,0.4586642283499938,0.4416349041687897,240.2247798630717,-0.0577894000916551,Healthy,train
13,33.59178857569246,-0.004822178944817,0.3294854672761124,2020-02,Pune_Baramati,1,2.0,0.080520997584528,65,2020.0,"{""type"":""MultiPoint"",""coordinates"":[]}",0.3350789296740247,0.0236130568942818,-0.236880062710848,Healthy,0.3584518551557215,0.0288418112345655,0.0007179564108534,29.55416050796756,0.564134836573621,0.4008748282583387,0.405996970588018,43.25560783201672,-0.0424229731026172,Healthy,train
14,38.73524833563554,-0.024665474545794,0.3018154118347091,2020-03,Pune_Baramati,1,3.0,1.2263638082895194,56,2020.0,"{""type"":""MultiPoint"",""coordinates"":[]}",0.2765996414685692,0.0279837752780122,0.9010853652027706,Healthy,0.3294854672761124,-0.004822178944817,0.080520997584528,33.59178857569246,-0.236880062710848,0.3584518551557215,0.3629373835633909,3.1627704078390635,-0.028966387879609,Healthy,train
15,43.45433814711053,-0.0375614088933873,0.2944012333682496,2020-04,Pune_Baramati,1,4.0,9.645923248940592,57,2020.0,"{""type"":""MultiPoint"",""coordinates"":[]}",0.2650395004903309,0.0259988393124701,1.129347834533348,Healthy,0.3018154118347091,-0.024665474545794,1.2263638082895194,38.73524833563554,0.9010853652027706,0.3294854672761124,0.3299175780888476,1.307602762284901,-0.0276700554414032,Healthy,train
16,42.56795256514975,-0.0235865437313077,0.2933497939309125,2020-05,Pune_Baramati,1,5.0,16.231033708038122,50,2020.0,"{""type"":""MultiPoint"",""coordinates"":[]}",0.2679532831415513,0.0307025664077631,0.8271787593280685,Healthy,0.2944012333682496,-0.0375614088933873,9.645923248940592,43.45433814711053,1.129347834533348,0.3018154118347091,0.308567370826357,10.95280805481464,-0.0074141784664595,Healthy,train
17,33.165028981520706,0.0705439483474025,0.3261568719154847,2020-06,Pune_Baramati,1,6.0,275.0635840998798,54,2020.0,"{""type"":""MultiPoint"",""coordinates"":[]}",0.2484513474172383,0.082154023648494,0.945851719091921,Healthy,0.2933497939309125,-0.0235865437313077,16.231033708038122,42.56795256514975,0.8271787593280685,0.2944012333682496,0.2965221463779571,27.103320765268236,-0.001051439437337,Healthy,train
18,29.11930821904667,0.1196252052905109,0.3723871711402303,2020-07,Pune_Baramati,1,7.0,283.0214835898876,58,2020.0,"{""type"":""MultiPoint"",""coordinates"":[]}",0.2456397907400507,0.1587166093986481,0.7985766636548318,Healthy,0.3261568719154847,0.0705439483474025,275.0635840998798,33.165028981520706,0.945851719091921,0.2933497939309125,0.3046359664048823,300.9405410568585,0.0328070779845722,Healthy,train
19,29.466439077897327,0.1617706125754798,0.391408689597168,2020-08,Pune_Baramati,1,8.0,191.63302328727843,54,2020.0,"{""type"":""MultiPoint"",""coordinates"":[]}",0.278281539074985,0.137000791959205,0.8257408508694539,Healthy,0.3723871711402303,0.1196252052905109,283.0214835898876,29.11930821904667,0.7985766636548318,0.3261568719154847,0.3306312789955425,574.3161013978056,0.0462302992247455,Healthy,train
20,31.46080657415437,0.1445484054969712,0.4393473456912525,2020-09,Pune_Baramati,1,9.0,332.9063709126156,54,2020.0,"{""type"":""MultiPoint"",""coordinates"":[]}",0.3385222687634342,0.1212913855966667,0.8312632956729049,Healthy,0.391408689597168,0.1617706125754798,191.63302328727843,29.466439077897327,0.8257408508694539,0.3723871711402303,0.363317577550961,749.7180909770459,0.0190215184569377,Healthy,train
21,30.50590293479114,0.1370530668276391,0.4717200974289899,2020-10,Pune_Baramati,1,10.0,213.9588715706765,62,2020.0,"{""type"":""MultiPoint"",""coordinates"":[]}",0.4421638576614109,0.0863258063965572,0.3423801178503408,Healthy,0.4393473456912525,0.1445484054969712,332.9063709126156,31.46080657415437,0.8312632956729049,0.391408689597168,0.4010477354762169,807.5608777897817,0.0479386560940844,Healthy,train
22,30.78517351725125,0.0818626247863773,0.4552976536599813,2020-11,Pune_Baramati,1,11.0,6.805287453219898,53,2020.0,"{""type"":""MultiPoint"",""coordinates"":[]}",0.4209936525107268,0.0740138848399092,0.463480618852172,Healthy,0.4717200974289899,0.1370530668276391,213.9588715706765,30.50590293479114,0.3423801178503408,0.4393473456912525,0.4341587109058034,738.4982657705706,0.0323727517377374,Healthy,train
23,29.70273123558665,0.0335878876572941,0.4048007521415543,2020-12,Pune_Baramati,1,12.0,8.032336963137402,58,2020.0,"{""type"":""MultiPoint"",""coordinates"":[]}",0.3989519857628239,0.0198531323603099,0.2946016916918931,Healthy,0.4552976536599813,0.0818626247863773,6.805287453219898,30.78517351725125,0.463480618852172,0.4717200974289899,0.4554550322600746,553.670529936512,-0.0164224437690085,Healthy,train
24,30.68163724507809,0.0160994965711063,0.3400604447224731,2021-01,Pune_Baramati,1,1.0,1.6574122025784923,56,2021.0,"{""type"":""MultiPoint"",""coordinates"":[]}",0.3469626313519308,0.020366095229241,-0.3389057426947375,Healthy,0.4048007521415543,0.0335878876572941,8.032336963137402,29.70273123558665,0.2946016916918931,0.4552976536599813,0.4439395010768418,228.7964959870338,-0.050496901518427,Healthy,train
25,33.77385310328215,-0.0115424096809669,0.353718558074572,2021-02,Pune_Baramati,1,2.0,0.0828573691828152,54,2021.0,"{""type"":""MultiPoint"",""coordinates"":[]}",0.3350789296740247,0.0236130568942818,0.7893780328400032,Healthy,0.3400604447224731,0.0160994965711063,1.6574122025784923,30.68163724507809,-0.3389057426947375,0.4048007521415543,0.4000529501746695,16.495036618935792,-0.0647403074190812,Healthy,train
26,39.72603177595294,-0.0334357267527737,0.2980126792655202,2021-03,Pune_Baramati,1,3.0,0.0093630240695987,54,2021.0,"{""type"":""MultiPoint"",""coordinates"":[]}",0.2765996414685692,0.0279837752780122,0.7651947453200122,Healthy,0.353718558074572,-0.0115424096809669,0.0828573691828152,33.77385310328215,0.7893780328400032,0.3400604447224731,0.3661932516461998,9.772606534898712,0.0136581133520988,Healthy,train
27,41.24443362923819,-0.0398022462379157,0.280399222560746,2021-04,Pune_Baramati,1,4.0,17.01342227722938,56,2021.0,"{""type"":""MultiPoint"",""coordinates"":[]}",0.2650395004903309,0.0259988393124701,0.590784914888408,Healthy,0.2980126792655202,-0.0334357267527737,0.0093630240695987,39.72603177595294,0.7651947453200122,0.353718558074572,0.3305972273541884,1.7496325958309062,-0.0557058788090517,Healthy,train
28,39.04078903754885,-0.0237578621107408,0.2848979019240337,2021-05,Pune_Baramati,1,5.0,73.57185232268094,60,2021.0,"{""type"":""MultiPoint"",""coordinates"":[]}",0.2679532831415513,0.0307025664077631,0.551895843410599,Healthy,0.280399222560746,-0.0398022462379157,17.01342227722938,41.24443362923819,0.590784914888408,0.2980126792655202,0.3107101533002794,17.105642670481796,-0.0176134567047742,Healthy,train
29,31.09619786694132,0.0622142843740051,0.3393413058977328,2021-06,Pune_Baramati,1,6.0,143.0142021748259,61,2021.0,"{""type"":""MultiPoint"",""coordinates"":[]}",0.2484513474172383,0.082154023648494,1.1063360556675623,Healthy,0.2848979019240337,-0.0237578621107408,73.57185232268094,39.04078903754885,0.551895843410599,0.280399222560746,0.2877699345834333,90.59463762397992,0.0044986793632876,Healthy,train
30,34.0683199317683,0.127140627433574,0.3900070375797094,2021-07,Pune_Baramati,1,7.0,272.6169116936892,63,2021.0,"{""type"":""MultiPoint"",""coordinates"":[]}",0.2456397907400507,0.1587166093986481,0.9095912985203192,Healthy,0.3393413058977328,0.0622142843740051,143.0142021748259,31.09619786694132,1.1063360556675623,0.2848979019240337,0.3015461434608375,233.59947677473625,0.0544434039736991,Healthy,train
31,31.613203012987764,0.1225135506566358,0.3264817961755822,2021-08,Pune_Baramati,1,8.0,143.40962668178557,62,2021.0,"{""type"":""MultiPoint"",""coordinates"":[]}",0.278281539074985,0.137000791959205,0.3518246603636414,Healthy,0.3900070375797094,0.127140627433574,272.6169116936892,34.0683199317683,0.9095912985203192,0.3393413058977328,0.338082081800492,489.202966191196,0.0506657316819765,Healthy,train
32,30.271071575793048,0.1052411311420353,0.3425232813203717,2021-09,Pune_Baramati,1,9.0,222.86827917872355,56,2021.0,"{""type"":""MultiPoint"",""coordinates"":[]}",0.3385222687634342,0.1212913855966667,0.0329867825093707,Healthy,0.3264817961755822,0.1225135506566358,143.40962668178557,31.613203012987764,0.3518246603636414,0.3900070375797094,0.3519433798843415,559.0407405503006,-0.0635252414041271,Healthy,train
33,31.097655148724773,0.1294238436996398,0.4962531316939018,2021-10,Pune_Baramati,1,10.0,99.05512800496604,62,2021.0,"{""type"":""MultiPoint"",""coordinates"":[]}",0.4421638576614109,0.0863258063965572,0.6265713150019062,Healthy,0.3425232813203717,0.1052411311420353,222.86827917872355,30.271071575793048,0.0329867825093707,0.3264817961755822,0.3530040383585544,638.8948175541983,0.0160414851447894,Healthy,train
34,29.5182644572213,0.0909566866855144,0.3924657809136581,2021-11,Pune_Baramati,1,11.0,44.53753673486112,54,2021.0,"{""type"":""MultiPoint"",""coordinates"":[]}",0.4209936525107268,0.0740138848399092,-0.3854394571879859,Healthy,0.4962531316939018,0.1294238436996398,99.05512800496604,31.097655148724773,0.6265713150019062,0.3425232813203717,0.3884194030632852,465.3330338654752,0.1537298503735301,Healthy,train
35,27.62157473377069,0.0664687076389086,0.4237313782332912,2021-12,Pune_Baramati,1,12.0,28.83265138659363,62,2021.0,"{""type"":""MultiPoint"",""coordinates"":[]}",0.3989519857628239,0.0198531323603099,1.2481351567476475,Healthy,0.3924657809136581,0.0909566866855144,44.53753673486112,29.5182644572213,-0.3854394571879859,0.4962531316939018,0.4104140646426439,366.4609439185508,-0.1037873507802437,Healthy,train
36,28.358180897064592,0.0378516627222127,0.3612711545600655,2022-01,Pune_Baramati,1,1.0,0.0064126050712349,46,2022.0,"{""type"":""MultiPoint"",""coordinates"":[]}",0.3469626313519308,0.020366095229241,0.7025658599293467,Healthy,0.4237313782332912,0.0664687076389086,28.83265138659363,27.62157473377069,1.2481351567476475,0.3924657809136581,0.4374834302802837,172.4253161264208,0.0312655973196331,Healthy,train
37,33.58274653975878,-0.0151937253801386,0.3487387922848156,2022-02,Pune_Baramati,1,2.0,0.0470705235226517,55,2022.0,"{""type"":""MultiPoint"",""coordinates"":[]}",0.3350789296740247,0.0236130568942818,0.5784876846715583,Healthy,0.3612711545600655,0.0378516627222127,0.0064126050712349,28.358180897064592,0.7025658599293467,0.4237313782332912,0.3924894379023382,73.37660072652598,-0.0624602236732257,Emerging Stress,train
38,39.440240539672345,0.0191574544953698,0.2292349026887414,2022-03,Pune_Baramati,1,3.0,0.0127976046675931,54,2022.0,"{""type"":""MultiPoint"",""coordinates"":[]}",0.2765996414685692,0.0279837752780122,-1.6925785856007718,Emerging Stress,0.3487387922848156,-0.0151937253801386,0.0470705235226517,33.58274653975878,0.5784876846715583,0.3612711545600655,0.3779137750260574,28.886134515187518,-0.0125323622752498,Emerging Stress,train
39,41.835532637669615,0.0467983327409907,0.2240517605252095,2022-04,Pune_Baramati,1,4.0,6.671082091049136,53,2022.0,"{""type"":""MultiPoint"",""coordinates"":[]}",0.2650395004903309,0.0259988393124701,-1.5765219159403754,Emerging Stress,0.2292349026887414,0.0191574544953698,0.0127976046675931,39.440240539672345,-1.6925785856007718,0.3487387922848156,0.3130816165112075,0.0662807332614797,-0.1195038895960741,Emerging Stress,train
40,38.822312515454605,0.0131284145931131,0.2219911972045805,2022-05,Pune_Baramati,1,5.0,14.343533976178454,54,2022.0,"{""type"":""MultiPoint"",""coordinates"":[]}",0.2679532831415513,0.0307025664077631,-1.4970112050746764,Emerging Stress,0.2240517605252095,0.0467983327409907,6.671082091049136,41.835532637669615,-1.5765219159403754,0.2292349026887414,0.2673418184995888,6.730950219239381,-0.0051831421635318,Recovery,train
41,36.99308628594733,0.0623203696133628,0.1502929409825676,2022-06,Pune_Baramati,1,6.0,110.36755089060142,54,2022.0,"{""type"":""MultiPoint"",""coordinates"":[]}",0.2484513474172383,0.082154023648494,-1.1948094819391126,Recovery,0.2219911972045805,0.0131284145931131,14.343533976178454,38.822312515454605,-1.4970112050746764,0.2240517605252095,0.2250926201395104,21.027413671895182,-0.002060563320629,Healthy,train
42,29.571065444416693,0.3344444175812025,0.0504656978010677,2022-07,Pune_Baramati,1,7.0,334.621221791053,55,2022.0,"{""type"":""MultiPoint"",""coordinates"":[]}",0.2456397907400507,0.1587166093986481,-1.22970175382694,Healthy,0.1502929409825676,0.0623203696133628,110.36755089060142,36.99308628594733,-1.1948094819391126,0.2219911972045805,0.1987786329041192,131.382166957829,-0.0716982562220129,Healthy,train
43,29.36520095595436,0.1759401614980168,0.1127112013913313,2022-08,Pune_Baramati,1,8.0,189.2425350142327,54,2022.0,"{""type"":""MultiPoint"",""coordinates"":[]}",0.278281539074985,0.137000791959205,-1.2085356246185486,Healthy,0.0504656978010677,0.3344444175812025,334.621221791053,29.571065444416693,-1.22970175382694,0.1502929409825676,0.1409166119960719,459.3323066578329,-0.0998272431814999,Emerging Stress,train
44,28.87949185878212,0.2715912601327647,0.1628249533990944,2022-09,Pune_Baramati,1,9.0,280.14535067499423,54,2022.0,"{""type"":""MultiPoint"",""coordinates"":[]}",0.3385222687634342,0.1212913855966667,-1.4485555960964165,Emerging Stress,0.1127112013913313,0.1759401614980168,189.2425350142327,29.36520095595436,-1.2085356246185486,0.0504656978010677,0.1044899467249888,634.2313076958872,0.0622455035902635,Persistent Stress,train
45,29.97956254880765,0.1899767392101535,0.2751013309360089,2022-10,Pune_Baramati,1,10.0,252.00778319995456,68,2022.0,"{""type"":""MultiPoint"",""coordinates"":[]}",0.4421638576614109,0.0863258063965572,-1.935255906651624,Persistent Stress,0.1628249533990944,0.2715912601327647,280.14535067499423,28.87949185878212,-1.4485555960964165,0.1127112013913313,0.1086672841971644,804.0091074802799,0.050113752007763,Recovery,train
46,30.04803887876571,0.0909526904093911,0.4667872595580016,2022-11,Pune_Baramati,1,11.0,5.220670226092026,57,2022.0,"{""type"":""MultiPoint"",""coordinates"":[]}",0.4209936525107268,0.0740138848399092,0.6187164360623091,Recovery,0.2751013309360089,0.1899767392101535,252.00778319995456,29.97956254880765,-1.935255906651624,0.1628249533990944,0.1835458285754782,721.3956688891815,0.1122763775369145,Healthy,train
47,29.89845585334623,0.0575988795391604,0.3888683527509206,2022-12,Pune_Baramati,1,12.0,2.7750577142311297,54,2022.0,"{""type"":""MultiPoint"",""coordinates"":[]}",0.3989519857628239,0.0198531323603099,-0.5079114383009083,Healthy,0.4667872595580016,0.0909526904093911,5.220670226092026,30.04803887876571,0.6187164360623091,0.2751013309360089,0.3015711812977016,537.3738041010408,0.1916859286219926,Healthy,train
48,29.35043481906552,0.0290507872200627,0.3729655305287815,2023-01,Pune_Baramati,1,1.0,0.0064777020920511,61,2023.0,"{""type"":""MultiPoint"",""coordinates"":[]}",0.3469626313519308,0.020366095229241,1.276773916853562,Healthy,0.3888683527509206,0.0575988795391604,2.7750577142311297,29.89845585334623,-0.5079114383009083,0.4667872595580016,0.3769189810816437,260.00351114027774,-0.077918906807081,Healthy,test
49,34.49949149237081,0.0095745684475532,0.3475940943725747,2023-02,Pune_Baramati,1,2.0,0.0470705518476569,59,2023.0,"{""type"":""MultiPoint"",""coordinates"":[]}",0.3350789296740247,0.0236130568942818,0.5300103563287775,Healthy,0.3729655305287815,0.0290507872200627,0.0064777020920511,29.35043481906552,1.276773916853562,0.3888683527509206,0.4095403809459013,8.002205642415207,-0.015902822222139,Healthy,test
50,36.50737940942511,0.0329674661848257,0.2709670821769542,2023-03,Pune_Baramati,1,3.0,4.077445630939156,54,2023.0,"{""type"":""MultiPoint"",""coordinates"":[]}",0.2765996414685692,0.0279837752780122,-0.201279464105784,Healthy,0.3475940943725747,0.0095745684475532,0.0470705518476569,34.49949149237081,0.5300103563287775,0.3729655305287815,0.3698093258840922,2.8286059681708378,-0.0253714361562067,Healthy,test
51,40.22582435017363,0.0020205847616657,0.2557011894129731,2023-04,Pune_Baramati,1,4.0,20.467123439822487,54,2023.0,"{""type"":""MultiPoint"",""coordinates"":[]}",0.2650395004903309,0.0259988393124701,-0.3591818452017884,Healthy,0.2709670821769542,0.0329674661848257,4.077445630939156,36.50737940942511,-0.201279464105784,0.3475940943725747,0.3305089023594368,4.130993884878864,-0.0766270121956205,Healthy,test
52,41.44889135297067,0.0030220569930186,0.2643670606071622,2023-05,Pune_Baramati,1,5.0,14.880920399362912,54,2023.0,"{""type"":""MultiPoint"",""coordinates"":[]}",0.2679532831415513,0.0307025664077631,-0.1168053017705496,Healthy,0.2557011894129731,0.0020205847616657,20.467123439822487,40.22582435017363,-0.3591818452017884,0.2709670821769542,0.2914207886541673,24.5916396226093,-0.0152658927639811,Healthy,test
53,37.32884256587288,0.0450657412204975,0.192001350077364,2023-06,Pune_Baramati,1,6.0,94.9848293972391,54,2023.0,"{""type"":""MultiPoint"",""coordinates"":[]}",0.2484513474172383,0.082154023648494,-0.687123951243125,Healthy,0.2643670606071622,0.0030220569930186,14.880920399362912,41.44889135297067,-0.1168053017705496,0.2557011894129731,0.2636784440656965,39.42548947012455,0.0086658711941891,Emerging Stress,test
54,28.00613353026039,0.231274175092863,0.0401705944826301,2023-07,Pune_Baramati,1,7.0,367.7442157761389,55,2023.0,"{""type"":""MultiPoint"",""coordinates"":[]}",0.2456397907400507,0.1587166093986481,-1.2945664416339946,Emerging Stress,0.192001350077364,0.0450657412204975,94.9848293972391,37.32884256587288,-0.687123951243125,0.2643670606071622,0.2373565333658331,130.3328732364245,-0.0723657105297982,Emerging Stress,test
55,29.615175936726832,0.1677809546110164,0.0947696608696526,2023-08,Pune_Baramati,1,8.0,58.11214068763999,59,2023.0,"{""type"":""MultiPoint"",""coordinates"":[]}",0.278281539074985,0.137000791959205,-1.3394950173717024,Emerging Stress,0.0401705944826301,0.231274175092863,367.7442157761389,28.00613353026039,-1.2945664416339946,0.192001350077364,0.1655130017223854,477.6099655727409,-0.1518307555947338,Recovery,test
56,30.029490898889737,0.2242014085855257,0.2226574418046032,2023-09,Pune_Baramati,1,9.0,235.9952400130161,64,2023.0,"{""type"":""MultiPoint"",""coordinates"":[]}",0.3385222687634342,0.1212913855966667,-0.9552601480217172,Recovery,0.0947696608696526,0.1677809546110164,58.11214068763999,29.615175936726832,-1.3394950173717024,0.0401705944826301,0.1089805351432155,520.841185861018,0.0545990663870225,Healthy,test
57,31.91413766202334,0.1530634187003804,0.4322692397037467,2023-10,Pune_Baramati,1,10.0,19.135142932343506,66,2023.0,"{""type"":""MultiPoint"",""coordinates"":[]}",0.4421638576614109,0.0863258063965572,-0.1146194674650478,Healthy,0.2226574418046032,0.2242014085855257,235.9952400130161,30.029490898889737,-0.9552601480217172,0.0947696608696526,0.1191992323856286,661.851596476795,0.1278877809349506,Emerging Stress,test
58,29.481032520304296,0.1010525614016742,0.2817647536186406,2023-11,Pune_Baramati,1,11.0,61.298284641733616,57,2023.0,"{""type"":""MultiPoint"",""coordinates"":[]}",0.4209936525107268,0.0740138848399092,-1.8811186467679128,Emerging Stress,0.4322692397037467,0.1530634187003804,19.135142932343506,31.91413766202334,-0.1146194674650478,0.2226574418046032,0.2498987807926675,313.2425236329996,0.2096117978991435,Recovery,test
59,27.66447864483842,0.0775834889021538,0.4096812210897286,2023-12,Pune_Baramati,1,12.0,2.1073433670822896,55,2023.0,"{""type"":""MultiPoint"",""coordinates"":[]}",0.3989519857628239,0.0198531323603099,0.5404303528623204,Recovery,0.2817647536186406,0.1010525614016742,61.298284641733616,29.481032520304296,-1.8811186467679128,0.4322692397037467,0.3122304783756635,316.42866758709323,-0.150504486085106,Healthy,test
60,28.41265144447527,0.0543917991472597,0.3261605647627386,2024-01,Pune_Baramati,1,1.0,0.0066299836161819,60,2024.0,"{""type"":""MultiPoint"",""coordinates"":[]}",0.3469626313519308,0.020366095229241,-1.0214067230386517,Healthy,0.4096812210897286,0.0775834889021538,2.1073433670822896,27.66447864483842,0.5404303528623204,0.2817647536186406,0.3745717381373719,82.54077094115941,0.1279164674710879,Healthy,test
61,32.798796345554614,-0.0121343608169443,0.3409319100897133,2024-02,Pune_Baramati,1,2.0,0.3714440634431712,56,2024.0,"{""type"":""MultiPoint"",""coordinates"":[]}",0.3350789296740247,0.0236130568942818,0.2478705083332926,Healthy,0.3261605647627386,0.0543917991472597,0.0066299836161819,28.41265144447527,-1.0214067230386517,0.4096812210897286,0.3392021798237026,63.41225799243209,-0.08352065632699,Healthy,test
62,37.99672931373601,-0.0243272584964584,0.2959962597142873,2024-03,Pune_Baramati,1,3.0,0.0,54,2024.0,"{""type"":""MultiPoint"",""coordinates"":[]}",0.2765996414685692,0.0279837752780122,0.6931380077568963,Healthy,0.3409319100897133,-0.0121343608169443,0.3714440634431712,32.798796345554614,0.2478705083332926,0.3261605647627386,0.3589245653140602,2.4854174141416427,0.0147713453269747,Healthy,test
63,42.15033849467412,-0.0426392370536376,0.283633587200953,2024-04,Pune_Baramati,1,4.0,9.336891720560455,54,2024.0,"{""type"":""MultiPoint"",""coordinates"":[]}",0.2650395004903309,0.0259988393124701,0.7151891085269927,Healthy,0.2959962597142873,-0.0243272584964584,0.0,37.99672931373601,0.6931380077568963,0.3409319100897133,0.321029578188913,0.3780740470593531,-0.044935650375426,Healthy,test
64,37.074945725255255,-0.0230906287618166,0.3001032296668566,2024-05,Pune_Baramati,1,5.0,42.43638750029795,55,2024.0,"{""type"":""MultiPoint"",""coordinates"":[]}",0.2679532831415513,0.0307025664077631,1.047141991269373,Healthy,0.283633587200953,-0.0426392370536376,9.336891720560455,42.15033849467412,0.7151891085269927,0.2959962597142873,0.3068539190016512,9.708335784003626,-0.0123626725133342,Healthy,test
65,34.51976697050161,0.025722017099019,0.2985883196816331,2024-06,Pune_Baramati,1,6.0,211.55264209658003,54,2024.0,"{""type"":""MultiPoint"",""coordinates"":[]}",0.2484513474172383,0.082154023648494,0.6102801790806,Healthy,0.3001032296668566,-0.0230906287618166,42.43638750029795,37.074945725255255,1.047141991269373,0.283633587200953,0.2932443588606989,51.7732792208584,0.0164696424659036,Healthy,test
66,28.66452730614892,0.125754056549149,0.297200792644001,2024-07,Pune_Baramati,1,7.0,265.2203217245996,54,2024.0,"{""type"":""MultiPoint"",""coordinates"":[]}",0.2456397907400507,0.1587166093986481,0.3248620424749916,Healthy,0.2985883196816331,0.025722017099019,211.55264209658003,34.51976697050161,0.6102801790806,0.3001032296668566,0.2941083788498142,263.32592131743843,-0.0015149099852235,Healthy,test
67,28.506072061824625,0.145024839658882,0.3742788300855993,2024-08,Pune_Baramati,1,8.0,234.9217683826077,63,2024.0,"{""type"":""MultiPoint"",""coordinates"":[]}",0.278281539074985,0.137000791959205,0.7007061027734759,Healthy,0.297200792644001,0.125754056549149,265.2203217245996,28.66452730614892,0.3248620424749916,0.2985883196816331,0.2986307806641635,519.2093513214776,-0.001387527037632,Healthy,test
68,29.17563589572581,0.1264652393150029,0.4605862478026839,2024-09,Pune_Baramati,1,9.0,211.69408686496507,54,2024.0,"{""type"":""MultiPoint"",""coordinates"":[]}",0.3385222687634342,0.1212913855966667,1.0063697305359518,Healthy,0.3742788300855993,0.145024839658882,234.9217683826077,28.506072061824625,0.7007061027734759,0.297200792644001,0.3233559808037444,711.6947322037873,0.0770780374415983,Healthy,test
69,29.59075739578773,0.1309955715301241,0.5122736903077812,2024-10,Pune_Baramati,1,10.0,124.69561018912307,58,2024.0,"{""type"":""MultiPoint"",""coordinates"":[]}",0.4421638576614109,0.0863258063965572,0.8121538109276943,Healthy,0.4605862478026839,0.1264652393150029,211.69408686496507,29.17563589572581,1.0063697305359518,0.3742788300855993,0.377355290177428,711.8361769721723,0.0863074177170846,Healthy,test
70,27.291547020931613,0.1049520434976039,0.4709822389640853,2024-11,Pune_Baramati,1,11.0,8.682196316417517,60,2024.0,"{""type"":""MultiPoint"",""coordinates"":[]}",0.4209936525107268,0.0740138848399092,0.6753947122419393,Healthy,0.5122736903077812,0.1309955715301241,124.69561018912307,29.59075739578773,0.8121538109276943,0.4605862478026839,0.4490462560653548,571.3114654366958,0.0516874425050973,Emerging Stress,test
71,26.905567701507422,0.054016619356134,0.3657553821031103,2024-12,Pune_Baramati,1,12.0,7.768852088066338,67,2024.0,"{""type"":""MultiPoint"",""coordinates"":[]}",0.3989519857628239,0.0198531323603099,-1.6721091189660158,Emerging Stress,0.4709822389640853,0.1049520434976039,8.682196316417517,27.291547020931613,0.6753947122419393,0.5122736903077812,0.4812807256915168,345.0718933705057,-0.0412914513436959,Recovery,test
72,27.207332949342977,0.0276690836785754,0.3692810627722242,2025-01,Pune_Baramati,1,1.0,0.8645963058394337,48,2025.0,"{""type"":""MultiPoint"",""coordinates"":[]}",0.3469626313519308,0.020366095229241,1.095862077098083,Recovery,0.3657553821031103,0.054016619356134,7.768852088066338,26.905567701507422,-1.6721091189660158,0.4709822389640853,0.4496704371249923,141.14665859360693,-0.105226856860975,Healthy,holdout_recent
73,31.76724791290253,-0.0127610728291911,0.3302830684815898,2025-02,Pune_Baramati,1,2.0,1.6041534480810549,56,2025.0,"{""type"":""MultiPoint"",""coordinates"":[]}",0.3350789296740247,0.0236130568942818,-0.2031020894036079,Healthy,0.3692810627722242,0.0276690836785754,0.8645963058394337,27.207332949342977,1.095862077098083,0.3657553821031103,0.4020062279464733,17.31564471032329,0.0035256806691139,Healthy,holdout_recent
74,35.788748971053856,-0.0222928515699523,0.2844549122366655,2025-03,Pune_Baramati,1,3.0,0.0,63,2025.0,"{""type"":""MultiPoint"",""coordinates"":[]}",0.2765996414685692,0.0279837752780122,0.2807080420728104,Healthy,0.3302830684815898,-0.0127610728291911,1.6041534480810549,31.76724791290253,-0.2031020894036079,0.3692810627722242,0.355106504452308,10.237601841986828,-0.0389979942906344,Healthy,holdout_recent
75,39.01315850435171,-0.0287053971743039,0.2932214937648421,2025-04,Pune_Baramati,1,4.0,5.891540028936582,64,2025.0,"{""type"":""MultiPoint"",""coordinates"":[]}",0.2650395004903309,0.0259988393124701,1.0839712087067614,Healthy,0.2844549122366655,-0.0222928515699523,0.0,35.788748971053856,0.2807080420728104,0.3302830684815898,0.3280063478301598,2.468749753920489,-0.0458281562449242,Healthy,holdout_recent
76,34.638149378073926,-0.004164330552136,0.2839904811681395,2025-05,Pune_Baramati,1,5.0,131.1775999398997,72,2025.0,"{""type"":""MultiPoint"",""coordinates"":[]}",0.2679532831415513,0.0307025664077631,0.5223406347729025,Healthy,0.2932214937648421,-0.0287053971743039,5.891540028936582,39.01315850435171,1.0839712087067614,0.2844549122366655,0.3026531581610325,7.495693477017637,0.0087665815281765,Healthy,holdout_recent
77,28.077762689116028,0.1118714203076616,0.3310340237514481,2025-06,Pune_Baramati,1,6.0,189.49627168893429,64,2025.0,"{""type"":""MultiPoint"",""coordinates"":[]}",0.2484513474172383,0.082154023648494,1.005217671231172,Healthy,0.2839904811681395,-0.004164330552136,131.1775999398997,34.638149378073926,0.5223406347729025,0.2932214937648421,0.2872222957232157,137.06913996883628,-0.0092310125967025,Healthy,holdout_recent
78,27.768612271213623,0.1282303870919158,0.3087292668793223,2025-07,Pune_Baramati,1,7.0,133.70704853909746,71,2025.0,"{""type"":""MultiPoint"",""coordinates"":[]}",0.2456397907400507,0.1587166093986481,0.3974976303885743,Healthy,0.3310340237514481,0.1118714203076616,189.49627168893429,28.077762689116028,1.005217671231172,0.2839904811681395,0.3027486662281432,326.5654116577706,0.0470435425833085,Healthy,holdout_recent
79,26.76319577840823,0.1222831801797058,0.3819362005189957,2025-08,Pune_Baramati,1,8.0,238.99618721125648,73,2025.0,"{""type"":""MultiPoint"",""coordinates"":[]}",0.278281539074985,0.137000791959205,0.7565989945143975,Healthy,0.3087292668793223,0.1282303870919158,133.70704853909746,27.768612271213623,0.3974976303885743,0.3310340237514481,0.3079179239329699,454.3809201679314,-0.0223047568721257,Healthy,holdout_recent
80,27.18615546197819,0.11329142676731,0.396361240017261,2025-09,Pune_Baramati,1,9.0,415.4019793416866,72,2025.0,"{""type"":""MultiPoint"",""coordinates"":[]}",0.3385222687634342,0.1212913855966667,0.4768596794347797,Healthy,0.3819362005189957,0.1222831801797058,238.99618721125648,26.76319577840823,0.7565989945143975,0.3087292668793223,0.340566497049922,562.1995074392883,0.0732069336396734,Healthy,holdout_recent
81,28.73342907889861,0.1159403924980426,0.4832698398180045,2025-10,Pune_Baramati,1,10.0,110.88615585933614,64,2025.0,"{""type"":""MultiPoint"",""coordinates"":[]}",0.4421638576614109,0.0863258063965572,0.4761725823650445,Healthy,0.396361240017261,0.11329142676731,415.4019793416866,27.18615546197819,0.4768596794347797,0.3819362005189957,0.3623422358051929,788.1052150920406,0.0144250394982652,Healthy,holdout_recent
82,26.05712312522212,0.0964886400542675,0.4806110641646374,2025-11,Pune_Baramati,1,11.0,14.533621831335957,75,2025.0,"{""type"":""MultiPoint"",""coordinates"":[]}",0.4209936525107268,0.0740138848399092,0.8054895616256604,Healthy,0.4832698398180045,0.1159403924980426,110.88615585933614,28.73342907889861,0.4761725823650445,0.396361240017261,0.4205224267847537,765.2843224122792,0.0869085998007435,Healthy,holdout_recent
83,23.919263879886785,0.0612086726617318,0.4152324694606522,2025-12,Pune_Baramati,1,12.0,3.834785286711127,66,2025.0,"{""type"":""MultiPoint"",""coordinates"":[]}",0.3989519857628239,0.0198531323603099,0.8200460966238206,Healthy,0.4806110641646374,0.0964886400542675,14.533621831335957,26.05712312522212,0.8054895616256604,0.4832698398180045,0.4534140479999676,540.8217570323586,-0.002658775653367,Healthy,holdout_recent
84,24.43346039513965,0.0219947288393804,0.3656894319824104,2026-01,Pune_Baramati,1,1.0,0.0007237050040556,64,2026.0,"{""type"":""MultiPoint"",""coordinates"":[]}",0.3469626313519308,0.020366095229241,0.919508645112894,Healthy,0.4152324694606522,0.0612086726617318,3.834785286711127,23.919263879886785,0.8200460966238206,0.4806110641646374,0.4597044578144313,129.25456297738322,-0.0653785947039852,Healthy,holdout_recent
85,27.90937795088192,0.0076369906332147,0.3404560333757735,2026-02,Pune_Baramati,1,2.0,1.144294946874996,53,2026.0,"{""type"":""MultiPoint"",""coordinates"":[]}",0.3350789296740247,0.0236130568942818,0.2277173906717237,Healthy,0.3656894319824104,0.0219947288393804,0.0007237050040556,24.43346039513965,0.919508645112894,0.4152324694606522,0.4205109885358999,18.36913082305114,-0.0495430374782417,Healthy,holdout_recent
86,32.93703132113981,-0.013634353123514,0.3098975754698858,2026-03,Pune_Baramati,1,3.0,1.366284552038871,64,2026.0,"{""type"":""MultiPoint"",""coordinates"":[]}",0.2765996414685692,0.0279837752780122,1.189901422181583,Healthy,0.3404560333757735,0.0076369906332147,1.144294946874996,27.90937795088192,0.2277173906717237,0.3656894319824104,0.373792644939612,4.979803938590178,-0.0252333986066368,Healthy,holdout_recent
87,36.39276892956048,-0.0272103034567243,0.3106152877831272,2026-04,Pune_Baramati,1,4.0,21.90436184287617,71,2026.0,"{""type"":""MultiPoint"",""coordinates"":[]}",0.2650395004903309,0.0259988393124701,1.7529931526957108,Healthy,0.3098975754698858,-0.013634353123514,1.366284552038871,32.93703132113981,1.189901422181583,0.3404560333757735,0.3386810136093565,2.5113032039179224,-0.0305584579058877,Healthy,holdout_recent
88,35.55256949376874,-0.0172355852515849,0.2894921057420903,2026-05,Pune_Baramati,1,5.0,15.439038700889103,68,2026.0,"{""type"":""MultiPoint"",""coordinates"":[]}",0.2679532831415513,0.0307025664077631,0.7015316672385035,Healthy,0.3106152877831272,-0.0272103034567243,21.90436184287617,36.39276892956048,1.7529931526957108,0.3098975754698858,0.3203229655429288,24.41494134179004,0.0007177123132414,Healthy,holdout_recent
